"time000000000","tempf012010000","tempf020010000","tempf114010000","tempf124010000","tempf134010000","tempf144010000","tempf117010000","tempf127010000","tempf137010000","tempf147010000","tempf202010000","tempf250010000","mflowj022010000","mflowj010010000","mflowj112010000","mflowj122010000","mflowj132010000","mflowj142010000","mflowj201000000","mflowj255000000","p010010000","p022010000","p110010000","p120010000","p130010000","p140010000","p112010000","p122010000","p132010000","p142010000","p204010000","p250010000","p218010000","p228010000","p238010000","p248010000","cntrlvar000000101","cntrlvar000000102","cntrlvar000000104","cntrlvar000000103","cntrlvar000000105","p026050000","q026010000"
"0.00E+0","5.58E+2","5.97E+2","5.97E+2","5.97E+2","5.97E+2","5.97E+2","5.58E+2","5.58E+2","5.58E+2","5.58E+2","3.73E+2","5.07E+2","1.01E+3","1.01E+3","2.52E+2","2.52E+2","2.51E+2","2.51E+2","8.90E+1","0.00E+0","1.55E+7","1.55E+7","1.55E+7","1.55E+7","1.55E+7","1.55E+7","1.55E+7","1.55E+7","1.55E+7","1.55E+7","3.19E+6","3.00E+6","3.00E+6","3.00E+6","3.00E+6","3.00E+6","5.60E+6","3.84E+7","7.44E+6","4.40E+7","2.98E+7","1.55E+7","0.00E+0"
"1.00E+0","5.58E+2","5.79E+2","5.97E+2","5.97E+2","5.97E+2","5.97E+2","5.73E+2","5.73E+2","5.73E+2","5.73E+2","3.73E+2","5.08E+2","9.58E+2","1.04E+3","2.51E+2","2.51E+2","2.51E+2","2.51E+2","8.90E+1","5.33E+1","1.55E+7","1.54E+7","1.54E+7","1.54E+7","1.54E+7","1.54E+7","1.55E+7","1.55E+7","1.55E+7","1.55E+7","4.58E+6","3.05E+6","3.05E+6","3.05E+6","3.05E+6","3.05E+6","6.23E+6","4.27E+7","4.24E+7","4.90E+7","1.69E+8","1.53E+7","3.57E+3"
"2.00E+0","5.58E+2","5.68E+2","5.97E+2","5.97E+2","5.97E+2","5.97E+2","5.67E+2","5.67E+2","5.67E+2","5.67E+2","3.73E+2","5.09E+2","9.87E+2","1.02E+3","2.55E+2","2.55E+2","2.55E+2","2.55E+2","8.90E+1","7.33E+1","1.52E+7","1.52E+7","1.51E+7","1.51E+7","1.51E+7","1.51E+7","1.52E+7","1.52E+7","1.52E+7","1.52E+7","4.63E+6","3.11E+6","3.11E+6","3.11E+6","3.11E+6","3.11E+6","5.62E+6","3.85E+7","5.25E+7","4.41E+7","2.10E+8","1.51E+7","2.92E+6"
"3.00E+0","5.58E+2","5.66E+2","5.96E+2","5.96E+2","5.96E+2","5.96E+2","5.62E+2","5.62E+2","5.62E+2","5.62E+2","3.73E+2","5.09E+2","1.01E+3","1.01E+3","2.57E+2","2.57E+2","2.57E+2","2.57E+2","8.90E+1","8.43E+1","1.51E+7","1.50E+7","1.50E+7","1.50E+7","1.50E+7","1.50E+7","1.51E+7","1.51E+7","1.51E+7","1.51E+7","4.66E+6","3.14E+6","3.14E+6","3.14E+6","3.14E+6","3.14E+6","5.61E+6","3.84E+7","5.49E+7","4.41E+7","2.20E+8","1.49E+7","7.59E+6"
"4.00E+0","5.58E+2","5.66E+2","5.94E+2","5.94E+2","5.94E+2","5.94E+2","5.59E+2","5.59E+2","5.59E+2","5.59E+2","3.73E+2","5.09E+2","1.02E+3","1.02E+3","2.59E+2","2.59E+2","2.59E+2","2.59E+2","8.90E+1","8.47E+1","1.49E+7","1.49E+7","1.48E+7","1.48E+7","1.48E+7","1.48E+7","1.49E+7","1.49E+7","1.49E+7","1.49E+7","4.65E+6","3.13E+6","3.14E+6","3.14E+6","3.14E+6","3.14E+6","5.56E+6","3.82E+7","5.43E+7","4.37E+7","2.17E+8","1.48E+7","9.24E+6"
"5.00E+0","5.59E+2","5.66E+2","5.89E+2","5.89E+2","5.89E+2","5.89E+2","5.57E+2","5.57E+2","5.57E+2","5.57E+2","3.73E+2","5.09E+2","1.03E+3","1.03E+3","2.64E+2","2.64E+2","2.64E+2","2.64E+2","8.90E+1","8.45E+1","1.48E+7","1.47E+7","1.47E+7","1.47E+7","1.47E+7","1.47E+7","1.48E+7","1.48E+7","1.48E+7","1.48E+7","4.64E+6","3.13E+6","3.13E+6","3.13E+6","3.13E+6","3.13E+6","5.50E+6","3.77E+7","5.31E+7","4.32E+7","2.12E+8","1.47E+7","9.79E+6"
"6.00E+0","5.60E+2","5.67E+2","5.83E+2","5.83E+2","5.83E+2","5.83E+2","5.53E+2","5.53E+2","5.53E+2","5.53E+2","3.73E+2","5.09E+2","1.05E+3","1.05E+3","2.70E+2","2.70E+2","2.70E+2","2.70E+2","8.90E+1","7.98E+1","1.47E+7","1.47E+7","1.46E+7","1.46E+7","1.46E+7","1.46E+7","1.47E+7","1.47E+7","1.47E+7","1.47E+7","4.62E+6","3.12E+6","3.12E+6","3.12E+6","3.12E+6","3.12E+6","5.47E+6","3.75E+7","5.00E+7","4.30E+7","2.00E+8","1.46E+7","9.95E+6"
"7.00E+0","5.61E+2","5.68E+2","5.77E+2","5.77E+2","5.77E+2","5.77E+2","5.48E+2","5.48E+2","5.48E+2","5.48E+2","3.73E+2","5.09E+2","1.06E+3","1.07E+3","2.74E+2","2.74E+2","2.74E+2","2.74E+2","8.90E+1","7.45E+1","1.47E+7","1.46E+7","1.46E+7","1.46E+7","1.46E+7","1.46E+7","1.47E+7","1.47E+7","1.47E+7","1.47E+7","4.60E+6","3.10E+6","3.10E+6","3.10E+6","3.10E+6","3.10E+6","5.51E+6","3.78E+7","4.75E+7","4.33E+7","1.90E+8","1.45E+7","9.75E+6"
"8.00E+0","5.61E+2","5.68E+2","5.73E+2","5.73E+2","5.73E+2","5.73E+2","5.44E+2","5.44E+2","5.44E+2","5.44E+2","3.73E+2","5.09E+2","1.06E+3","1.09E+3","2.77E+2","2.77E+2","2.77E+2","2.77E+2","8.90E+1","7.30E+1","1.46E+7","1.46E+7","1.45E+7","1.45E+7","1.45E+7","1.45E+7","1.46E+7","1.46E+7","1.46E+7","1.46E+7","4.59E+6","3.09E+6","3.10E+6","3.10E+6","3.10E+6","3.10E+6","5.60E+6","3.84E+7","4.59E+7","4.40E+7","1.84E+8","1.45E+7","9.90E+6"
"9.00E+0","5.60E+2","5.69E+2","5.71E+2","5.71E+2","5.71E+2","5.71E+2","5.41E+2","5.41E+2","5.41E+2","5.41E+2","3.73E+2","5.09E+2","1.06E+3","1.10E+3","2.79E+2","2.79E+2","2.79E+2","2.79E+2","8.90E+1","7.47E+1","1.46E+7","1.45E+7","1.44E+7","1.44E+7","1.44E+7","1.44E+7","1.46E+7","1.46E+7","1.46E+7","1.46E+7","4.60E+6","3.10E+6","3.10E+6","3.10E+6","3.10E+6","3.10E+6","5.71E+6","3.91E+7","4.67E+7","4.48E+7","1.87E+8","1.44E+7","1.00E+7"
"1.00E+1","5.58E+2","5.68E+2","5.69E+2","5.69E+2","5.69E+2","5.69E+2","5.39E+2","5.39E+2","5.39E+2","5.39E+2","3.73E+2","5.09E+2","1.06E+3","1.11E+3","2.79E+2","2.79E+2","2.79E+2","2.79E+2","8.90E+1","7.86E+1","1.45E+7","1.44E+7","1.44E+7","1.44E+7","1.44E+7","1.44E+7","1.45E+7","1.45E+7","1.45E+7","1.45E+7","4.61E+6","3.10E+6","3.10E+6","3.10E+6","3.10E+6","3.10E+6","5.82E+6","3.99E+7","4.69E+7","4.57E+7","1.88E+8","1.43E+7","1.00E+7"
"1.10E+1","5.56E+2","5.67E+2","5.69E+2","5.69E+2","5.69E+2","5.69E+2","5.37E+2","5.37E+2","5.37E+2","5.37E+2","3.73E+2","5.09E+2","1.06E+3","1.11E+3","2.79E+2","2.79E+2","2.79E+2","2.79E+2","8.90E+1","7.84E+1","1.44E+7","1.43E+7","1.43E+7","1.43E+7","1.43E+7","1.43E+7","1.44E+7","1.44E+7","1.44E+7","1.44E+7","4.60E+6","3.10E+6","3.10E+6","3.10E+6","3.10E+6","3.10E+6","5.91E+6","4.05E+7","4.57E+7","4.65E+7","1.83E+8","1.42E+7","1.00E+7"
"1.20E+1","5.53E+2","5.65E+2","5.69E+2","5.69E+2","5.69E+2","5.69E+2","5.37E+2","5.37E+2","5.37E+2","5.37E+2","3.73E+2","5.09E+2","1.06E+3","1.11E+3","2.78E+2","2.78E+2","2.78E+2","2.78E+2","8.90E+1","8.19E+1","1.43E+7","1.42E+7","1.42E+7","1.42E+7","1.42E+7","1.42E+7","1.43E+7","1.43E+7","1.43E+7","1.43E+7","4.61E+6","3.10E+6","3.10E+6","3.10E+6","3.10E+6","3.10E+6","5.98E+6","4.10E+7","4.62E+7","4.70E+7","1.85E+8","1.41E+7","1.01E+7"
"1.30E+1","5.50E+2","5.62E+2","5.70E+2","5.70E+2","5.70E+2","5.70E+2","5.37E+2","5.37E+2","5.37E+2","5.37E+2","3.73E+2","5.09E+2","1.07E+3","1.11E+3","2.78E+2","2.78E+2","2.78E+2","2.78E+2","8.90E+1","8.49E+1","1.42E+7","1.41E+7","1.41E+7","1.41E+7","1.41E+7","1.41E+7","1.42E+7","1.42E+7","1.42E+7","1.42E+7","4.62E+6","3.11E+6","3.11E+6","3.11E+6","3.11E+6","3.11E+6","6.01E+6","4.12E+7","4.72E+7","4.72E+7","1.89E+8","1.40E+7","1.01E+7"
"1.40E+1","5.47E+2","5.59E+2","5.70E+2","5.70E+2","5.70E+2","5.70E+2","5.37E+2","5.37E+2","5.37E+2","5.37E+2","3.73E+2","5.09E+2","1.07E+3","1.11E+3","2.77E+2","2.77E+2","2.77E+2","2.77E+2","8.90E+1","8.51E+1","1.41E+7","1.40E+7","1.39E+7","1.39E+7","1.39E+7","1.39E+7","1.41E+7","1.41E+7","1.41E+7","1.41E+7","4.62E+6","3.11E+6","3.11E+6","3.11E+6","3.11E+6","3.11E+6","6.00E+6","4.12E+7","4.70E+7","4.72E+7","1.88E+8","1.39E+7","1.01E+7"
"1.50E+1","5.44E+2","5.56E+2","5.69E+2","5.69E+2","5.69E+2","5.69E+2","5.36E+2","5.36E+2","5.36E+2","5.36E+2","3.73E+2","5.09E+2","1.07E+3","1.11E+3","2.78E+2","2.78E+2","2.78E+2","2.78E+2","8.90E+1","8.51E+1","1.40E+7","1.39E+7","1.38E+7","1.38E+7","1.38E+7","1.38E+7","1.40E+7","1.40E+7","1.40E+7","1.40E+7","4.62E+6","3.11E+6","3.11E+6","3.11E+6","3.11E+6","3.11E+6","5.96E+6","4.09E+7","4.72E+7","4.68E+7","1.89E+8","1.38E+7","1.01E+7"
"1.60E+1","5.42E+2","5.53E+2","5.68E+2","5.68E+2","5.68E+2","5.68E+2","5.36E+2","5.36E+2","5.36E+2","5.36E+2","3.73E+2","5.09E+2","1.08E+3","1.11E+3","2.78E+2","2.78E+2","2.78E+2","2.78E+2","8.90E+1","8.36E+1","1.38E+7","1.38E+7","1.37E+7","1.37E+7","1.37E+7","1.37E+7","1.38E+7","1.38E+7","1.38E+7","1.38E+7","4.61E+6","3.10E+6","3.11E+6","3.11E+6","3.11E+6","3.11E+6","5.90E+6","4.05E+7","4.63E+7","4.64E+7","1.85E+8","1.37E+7","1.01E+7"
"1.70E+1","5.40E+2","5.51E+2","5.66E+2","5.66E+2","5.66E+2","5.66E+2","5.35E+2","5.35E+2","5.35E+2","5.35E+2","3.73E+2","5.09E+2","1.09E+3","1.11E+3","2.79E+2","2.79E+2","2.79E+2","2.79E+2","8.90E+1","8.22E+1","1.38E+7","1.37E+7","1.36E+7","1.36E+7","1.36E+7","1.36E+7","1.38E+7","1.38E+7","1.38E+7","1.38E+7","4.61E+6","3.10E+6","3.10E+6","3.10E+6","3.10E+6","3.10E+6","5.84E+6","4.01E+7","4.52E+7","4.59E+7","1.81E+8","1.36E+7","1.01E+7"
"1.80E+1","5.39E+2","5.49E+2","5.64E+2","5.64E+2","5.64E+2","5.64E+2","5.34E+2","5.34E+2","5.34E+2","5.34E+2","3.73E+2","5.09E+2","1.09E+3","1.11E+3","2.80E+2","2.80E+2","2.80E+2","2.80E+2","8.90E+1","8.33E+1","1.37E+7","1.36E+7","1.35E+7","1.35E+7","1.35E+7","1.35E+7","1.37E+7","1.37E+7","1.37E+7","1.37E+7","4.60E+6","3.10E+6","3.10E+6","3.10E+6","3.10E+6","3.10E+6","5.79E+6","3.97E+7","4.38E+7","4.55E+7","1.75E+8","1.35E+7","1.01E+7"
"1.90E+1","5.38E+2","5.48E+2","5.61E+2","5.61E+2","5.61E+2","5.61E+2","5.33E+2","5.33E+2","5.33E+2","5.33E+2","3.73E+2","5.09E+2","1.10E+3","1.12E+3","2.81E+2","2.81E+2","2.81E+2","2.81E+2","8.90E+1","7.87E+1","1.35E+7","1.34E+7","1.34E+7","1.34E+7","1.34E+7","1.34E+7","1.35E+7","1.35E+7","1.35E+7","1.35E+7","4.59E+6","3.09E+6","3.09E+6","3.09E+6","3.09E+6","3.09E+6","5.75E+6","3.94E+7","4.22E+7","4.52E+7","1.69E+8","1.34E+7","1.01E+7"
"2.00E+1","5.37E+2","5.46E+2","5.59E+2","5.59E+2","5.59E+2","5.59E+2","5.31E+2","5.31E+2","5.31E+2","5.31E+2","3.73E+2","5.08E+2","1.10E+3","1.12E+3","2.82E+2","2.82E+2","2.82E+2","2.82E+2","8.90E+1","7.68E+1","1.34E+7","1.33E+7","1.32E+7","1.32E+7","1.32E+7","1.32E+7","1.34E+7","1.34E+7","1.34E+7","1.34E+7","4.58E+6","3.08E+6","3.08E+6","3.08E+6","3.08E+6","3.08E+6","5.72E+6","3.92E+7","4.04E+7","4.49E+7","1.62E+8","1.32E+7","1.03E+7"
"2.10E+1","5.37E+2","5.46E+2","5.56E+2","5.56E+2","5.56E+2","5.56E+2","5.30E+2","5.30E+2","5.30E+2","5.30E+2","3.73E+2","5.08E+2","1.11E+3","1.13E+3","2.83E+2","2.83E+2","2.83E+2","2.83E+2","8.90E+1","7.58E+1","1.33E+7","1.32E+7","1.32E+7","1.32E+7","1.32E+7","1.32E+7","1.33E+7","1.33E+7","1.33E+7","1.33E+7","4.57E+6","3.08E+6","3.08E+6","3.08E+6","3.08E+6","3.08E+6","5.70E+6","3.91E+7","3.88E+7","4.48E+7","1.55E+8","1.31E+7","1.00E+7"
"2.20E+1","5.36E+2","5.45E+2","5.54E+2","5.54E+2","5.54E+2","5.54E+2","5.29E+2","5.29E+2","5.29E+2","5.29E+2","3.73E+2","5.08E+2","1.11E+3","1.13E+3","2.84E+2","2.84E+2","2.84E+2","2.84E+2","8.90E+1","7.61E+1","1.32E+7","1.32E+7","1.31E+7","1.31E+7","1.31E+7","1.31E+7","1.32E+7","1.32E+7","1.32E+7","1.32E+7","4.57E+6","3.07E+6","3.07E+6","3.07E+6","3.07E+6","3.07E+6","5.70E+6","3.91E+7","3.72E+7","4.48E+7","1.49E+8","1.31E+7","1.00E+7"
"2.30E+1","5.35E+2","5.44E+2","5.52E+2","5.52E+2","5.52E+2","5.52E+2","5.28E+2","5.28E+2","5.28E+2","5.28E+2","3.73E+2","5.08E+2","1.12E+3","1.14E+3","2.85E+2","2.85E+2","2.85E+2","2.85E+2","8.90E+1","7.68E+1","1.32E+7","1.31E+7","1.31E+7","1.31E+7","1.31E+7","1.31E+7","1.32E+7","1.32E+7","1.32E+7","1.32E+7","4.57E+6","3.07E+6","3.07E+6","3.07E+6","3.07E+6","3.07E+6","5.71E+6","3.92E+7","3.59E+7","4.49E+7","1.44E+8","1.31E+7","1.00E+7"
"2.40E+1","5.34E+2","5.43E+2","5.51E+2","5.51E+2","5.51E+2","5.51E+2","5.27E+2","5.27E+2","5.27E+2","5.27E+2","3.73E+2","5.08E+2","1.12E+3","1.14E+3","2.86E+2","2.86E+2","2.86E+2","2.86E+2","8.90E+1","7.53E+1","1.32E+7","1.31E+7","1.31E+7","1.31E+7","1.31E+7","1.31E+7","1.32E+7","1.32E+7","1.32E+7","1.32E+7","4.56E+6","3.06E+6","3.06E+6","3.06E+6","3.06E+6","3.06E+6","5.73E+6","3.93E+7","3.48E+7","4.50E+7","1.39E+8","1.30E+7","1.00E+7"
"2.50E+1","5.33E+2","5.42E+2","5.49E+2","5.49E+2","5.49E+2","5.49E+2","5.26E+2","5.26E+2","5.26E+2","5.26E+2","3.73E+2","5.08E+2","1.12E+3","1.14E+3","2.87E+2","2.87E+2","2.87E+2","2.87E+2","8.90E+1","7.57E+1","1.32E+7","1.31E+7","1.31E+7","1.31E+7","1.31E+7","1.31E+7","1.32E+7","1.32E+7","1.32E+7","1.32E+7","4.56E+6","3.06E+6","3.06E+6","3.06E+6","3.06E+6","3.06E+6","5.74E+6","3.94E+7","3.38E+7","4.51E+7","1.35E+8","1.30E+7","1.00E+7"
"2.60E+1","5.32E+2","5.41E+2","5.48E+2","5.48E+2","5.48E+2","5.48E+2","5.25E+2","5.25E+2","5.25E+2","5.25E+2","3.73E+2","5.08E+2","1.13E+3","1.14E+3","2.87E+2","2.87E+2","2.87E+2","2.87E+2","8.90E+1","7.77E+1","1.32E+7","1.31E+7","1.31E+7","1.31E+7","1.31E+7","1.31E+7","1.32E+7","1.32E+7","1.32E+7","1.32E+7","4.56E+6","3.06E+6","3.06E+6","3.06E+6","3.06E+6","3.06E+6","5.75E+6","3.94E+7","3.30E+7","4.52E+7","1.32E+8","1.30E+7","1.00E+7"
"2.70E+1","5.31E+2","5.40E+2","5.47E+2","5.47E+2","5.47E+2","5.47E+2","5.24E+2","5.24E+2","5.24E+2","5.24E+2","3.73E+2","5.08E+2","1.13E+3","1.15E+3","2.88E+2","2.88E+2","2.88E+2","2.88E+2","8.90E+1","7.83E+1","1.32E+7","1.31E+7","1.31E+7","1.31E+7","1.31E+7","1.31E+7","1.32E+7","1.32E+7","1.32E+7","1.32E+7","4.55E+6","3.06E+6","3.06E+6","3.06E+6","3.06E+6","3.06E+6","5.75E+6","3.94E+7","3.23E+7","4.52E+7","1.29E+8","1.30E+7","9.99E+6"
"2.80E+1","5.30E+2","5.39E+2","5.46E+2","5.46E+2","5.46E+2","5.46E+2","5.24E+2","5.24E+2","5.24E+2","5.24E+2","3.73E+2","5.08E+2","1.13E+3","1.15E+3","2.88E+2","2.88E+2","2.88E+2","2.88E+2","8.90E+1","7.76E+1","1.32E+7","1.31E+7","1.31E+7","1.31E+7","1.31E+7","1.31E+7","1.32E+7","1.32E+7","1.32E+7","1.32E+7","4.55E+6","3.06E+6","3.06E+6","3.06E+6","3.06E+6","3.06E+6","5.75E+6","3.94E+7","3.17E+7","4.52E+7","1.27E+8","1.30E+7","1.00E+7"
"2.90E+1","5.29E+2","5.38E+2","5.45E+2","5.45E+2","5.45E+2","5.45E+2","5.23E+2","5.23E+2","5.23E+2","5.23E+2","3.73E+2","5.08E+2","1.13E+3","1.15E+3","2.88E+2","2.88E+2","2.88E+2","2.88E+2","8.90E+1","7.80E+1","1.32E+7","1.32E+7","1.31E+7","1.31E+7","1.31E+7","1.31E+7","1.32E+7","1.32E+7","1.32E+7","1.32E+7","4.55E+6","3.06E+6","3.06E+6","3.06E+6","3.06E+6","3.06E+6","5.74E+6","3.94E+7","3.12E+7","4.51E+7","1.25E+8","1.31E+7","9.99E+6"
"3.00E+1","5.28E+2","5.37E+2","5.44E+2","5.44E+2","5.44E+2","5.44E+2","5.23E+2","5.23E+2","5.23E+2","5.23E+2","3.73E+2","5.08E+2","1.14E+3","1.15E+3","2.88E+2","2.88E+2","2.88E+2","2.88E+2","8.90E+1","7.76E+1","1.33E+7","1.32E+7","1.31E+7","1.31E+7","1.31E+7","1.31E+7","1.33E+7","1.33E+7","1.33E+7","1.33E+7","4.55E+6","3.05E+6","3.05E+6","3.05E+6","3.05E+6","3.05E+6","5.73E+6","3.93E+7","3.06E+7","4.51E+7","1.22E+8","1.31E+7","9.99E+6"
"3.10E+1","5.27E+2","5.36E+2","5.43E+2","5.43E+2","5.43E+2","5.43E+2","5.22E+2","5.22E+2","5.22E+2","5.22E+2","3.73E+2","5.08E+2","1.14E+3","1.15E+3","2.89E+2","2.89E+2","2.89E+2","2.89E+2","8.90E+1","7.56E+1","1.33E+7","1.32E+7","1.32E+7","1.32E+7","1.32E+7","1.32E+7","1.33E+7","1.33E+7","1.33E+7","1.33E+7","4.54E+6","3.05E+6","3.05E+6","3.05E+6","3.05E+6","3.05E+6","5.72E+6","3.92E+7","3.00E+7","4.50E+7","1.20E+8","1.31E+7","9.98E+6"
"3.20E+1","5.26E+2","5.35E+2","5.42E+2","5.42E+2","5.42E+2","5.42E+2","5.22E+2","5.22E+2","5.22E+2","5.22E+2","3.73E+2","5.08E+2","1.14E+3","1.15E+3","2.89E+2","2.89E+2","2.89E+2","2.89E+2","8.90E+1","6.78E+1","1.33E+7","1.32E+7","1.32E+7","1.32E+7","1.32E+7","1.32E+7","1.33E+7","1.33E+7","1.33E+7","1.33E+7","4.54E+6","3.04E+6","3.04E+6","3.04E+6","3.04E+6","3.04E+6","5.71E+6","3.91E+7","2.94E+7","4.49E+7","1.18E+8","1.31E+7","9.98E+6"
"3.30E+1","5.25E+2","5.34E+2","5.41E+2","5.41E+2","5.41E+2","5.41E+2","5.21E+2","5.21E+2","5.21E+2","5.21E+2","3.73E+2","5.08E+2","1.14E+3","1.16E+3","2.90E+2","2.90E+2","2.90E+2","2.90E+2","8.90E+1","7.55E+1","1.33E+7","1.33E+7","1.32E+7","1.32E+7","1.32E+7","1.32E+7","1.33E+7","1.33E+7","1.33E+7","1.33E+7","4.54E+6","3.05E+6","3.05E+6","3.05E+6","3.05E+6","3.05E+6","5.70E+6","3.91E+7","2.87E+7","4.48E+7","1.15E+8","1.32E+7","9.98E+6"
"3.40E+1","5.24E+2","5.33E+2","5.40E+2","5.40E+2","5.40E+2","5.40E+2","5.21E+2","5.21E+2","5.21E+2","5.21E+2","3.73E+2","5.08E+2","1.15E+3","1.16E+3","2.90E+2","2.90E+2","2.90E+2","2.90E+2","8.90E+1","7.76E+1","1.34E+7","1.33E+7","1.32E+7","1.32E+7","1.32E+7","1.32E+7","1.34E+7","1.34E+7","1.34E+7","1.34E+7","4.54E+6","3.05E+6","3.05E+6","3.05E+6","3.05E+6","3.05E+6","5.69E+6","3.90E+7","2.80E+7","4.47E+7","1.12E+8","1.32E+7","9.98E+6"
"3.50E+1","5.24E+2","5.33E+2","5.39E+2","5.39E+2","5.39E+2","5.39E+2","5.20E+2","5.20E+2","5.20E+2","5.20E+2","3.73E+2","5.08E+2","1.15E+3","1.16E+3","2.91E+2","2.91E+2","2.91E+2","2.91E+2","8.90E+1","7.80E+1","1.34E+7","1.33E+7","1.33E+7","1.33E+7","1.33E+7","1.33E+7","1.34E+7","1.34E+7","1.34E+7","1.34E+7","4.53E+6","3.04E+6","3.04E+6","3.04E+6","3.04E+6","3.04E+6","5.68E+6","3.90E+7","2.73E+7","4.47E+7","1.09E+8","1.32E+7","9.98E+6"
"3.60E+1","5.23E+2","5.32E+2","5.38E+2","5.38E+2","5.38E+2","5.38E+2","5.19E+2","5.19E+2","5.19E+2","5.19E+2","3.73E+2","5.08E+2","1.15E+3","1.16E+3","2.91E+2","2.91E+2","2.91E+2","2.91E+2","8.90E+1","7.79E+1","1.35E+7","1.34E+7","1.33E+7","1.33E+7","1.33E+7","1.33E+7","1.35E+7","1.35E+7","1.35E+7","1.35E+7","4.53E+6","3.04E+6","3.04E+6","3.04E+6","3.04E+6","3.04E+6","5.68E+6","3.89E+7","2.67E+7","4.46E+7","1.07E+8","1.33E+7","9.98E+6"
"3.70E+1","5.23E+2","5.31E+2","5.37E+2","5.37E+2","5.37E+2","5.37E+2","5.19E+2","5.19E+2","5.19E+2","5.19E+2","3.73E+2","5.08E+2","1.15E+3","1.16E+3","2.92E+2","2.92E+2","2.92E+2","2.92E+2","8.90E+1","8.07E+1","1.35E+7","1.34E+7","1.34E+7","1.34E+7","1.34E+7","1.34E+7","1.35E+7","1.35E+7","1.35E+7","1.35E+7","4.53E+6","3.04E+6","3.04E+6","3.04E+6","3.04E+6","3.04E+6","5.68E+6","3.89E+7","2.60E+7","4.46E+7","1.04E+8","1.33E+7","9.98E+6"
"3.80E+1","5.22E+2","5.31E+2","5.36E+2","5.36E+2","5.36E+2","5.36E+2","5.18E+2","5.18E+2","5.18E+2","5.18E+2","3.73E+2","5.08E+2","1.15E+3","1.16E+3","2.92E+2","2.92E+2","2.92E+2","2.92E+2","8.90E+1","7.92E+1","1.35E+7","1.35E+7","1.34E+7","1.34E+7","1.34E+7","1.34E+7","1.35E+7","1.35E+7","1.35E+7","1.35E+7","4.53E+6","3.04E+6","3.04E+6","3.04E+6","3.04E+6","3.04E+6","5.68E+6","3.89E+7","2.55E+7","4.46E+7","1.02E+8","1.34E+7","9.98E+6"
"3.90E+1","5.22E+2","5.30E+2","5.35E+2","5.35E+2","5.35E+2","5.35E+2","5.18E+2","5.18E+2","5.18E+2","5.18E+2","3.73E+2","5.08E+2","1.16E+3","1.17E+3","2.92E+2","2.92E+2","2.92E+2","2.92E+2","8.90E+1","7.86E+1","1.36E+7","1.35E+7","1.34E+7","1.34E+7","1.34E+7","1.34E+7","1.36E+7","1.36E+7","1.36E+7","1.36E+7","4.53E+6","3.04E+6","3.04E+6","3.04E+6","3.04E+6","3.04E+6","5.68E+6","3.89E+7","2.50E+7","4.46E+7","9.99E+7","1.34E+7","9.98E+6"
"4.00E+1","5.21E+2","5.30E+2","5.34E+2","5.34E+2","5.34E+2","5.34E+2","5.17E+2","5.17E+2","5.17E+2","5.17E+2","3.73E+2","5.08E+2","1.16E+3","1.17E+3","2.93E+2","2.93E+2","2.93E+2","2.93E+2","8.90E+1","7.94E+1","1.36E+7","1.35E+7","1.35E+7","1.35E+7","1.35E+7","1.35E+7","1.36E+7","1.36E+7","1.36E+7","1.36E+7","4.53E+6","3.04E+6","3.04E+6","3.04E+6","3.04E+6","3.04E+6","5.68E+6","3.89E+7","2.45E+7","4.46E+7","9.81E+7","1.34E+7","9.98E+6"
"4.10E+1","5.20E+2","5.29E+2","5.34E+2","5.34E+2","5.34E+2","5.34E+2","5.17E+2","5.17E+2","5.17E+2","5.17E+2","3.73E+2","5.08E+2","1.16E+3","1.17E+3","2.93E+2","2.93E+2","2.93E+2","2.93E+2","8.90E+1","8.04E+1","1.37E+7","1.36E+7","1.35E+7","1.35E+7","1.35E+7","1.35E+7","1.36E+7","1.36E+7","1.36E+7","1.36E+7","4.52E+6","3.04E+6","3.04E+6","3.04E+6","3.04E+6","3.04E+6","5.68E+6","3.89E+7","2.41E+7","4.46E+7","9.64E+7","1.35E+7","9.98E+6"
"4.20E+1","5.20E+2","5.29E+2","5.33E+2","5.33E+2","5.33E+2","5.33E+2","5.16E+2","5.16E+2","5.16E+2","5.16E+2","3.73E+2","5.08E+2","1.16E+3","1.17E+3","2.93E+2","2.93E+2","2.93E+2","2.93E+2","8.90E+1","8.18E+1","1.37E+7","1.36E+7","1.36E+7","1.36E+7","1.36E+7","1.36E+7","1.37E+7","1.37E+7","1.37E+7","1.37E+7","4.52E+6","3.04E+6","3.04E+6","3.04E+6","3.04E+6","3.04E+6","5.68E+6","3.89E+7","2.37E+7","4.46E+7","9.48E+7","1.35E+7","9.98E+6"
"4.30E+1","5.19E+2","5.28E+2","5.32E+2","5.32E+2","5.32E+2","5.32E+2","5.16E+2","5.16E+2","5.16E+2","5.16E+2","3.73E+2","5.08E+2","1.16E+3","1.17E+3","2.93E+2","2.93E+2","2.93E+2","2.93E+2","8.90E+1","8.08E+1","1.37E+7","1.37E+7","1.36E+7","1.36E+7","1.36E+7","1.36E+7","1.37E+7","1.37E+7","1.37E+7","1.37E+7","4.52E+6","3.03E+6","3.03E+6","3.03E+6","3.03E+6","3.03E+6","5.68E+6","3.89E+7","2.33E+7","4.46E+7","9.33E+7","1.36E+7","9.98E+6"
"4.40E+1","5.19E+2","5.27E+2","5.32E+2","5.32E+2","5.32E+2","5.32E+2","5.16E+2","5.16E+2","5.16E+2","5.16E+2","3.73E+2","5.08E+2","1.16E+3","1.17E+3","2.94E+2","2.94E+2","2.94E+2","2.94E+2","8.90E+1","8.03E+1","1.38E+7","1.37E+7","1.36E+7","1.36E+7","1.36E+7","1.36E+7","1.38E+7","1.38E+7","1.38E+7","1.38E+7","4.52E+6","3.03E+6","3.03E+6","3.03E+6","3.03E+6","3.03E+6","5.67E+6","3.89E+7","2.30E+7","4.46E+7","9.19E+7","1.36E+7","9.98E+6"
"4.50E+1","5.18E+2","5.27E+2","5.31E+2","5.31E+2","5.31E+2","5.31E+2","5.15E+2","5.15E+2","5.15E+2","5.15E+2","3.73E+2","5.08E+2","1.17E+3","1.17E+3","2.94E+2","2.94E+2","2.94E+2","2.94E+2","8.90E+1","8.01E+1","1.38E+7","1.37E+7","1.37E+7","1.37E+7","1.37E+7","1.37E+7","1.38E+7","1.38E+7","1.38E+7","1.38E+7","4.52E+6","3.03E+6","3.03E+6","3.03E+6","3.03E+6","3.03E+6","5.67E+6","3.89E+7","2.26E+7","4.45E+7","9.04E+7","1.36E+7","9.98E+6"
"4.60E+1","5.18E+2","5.26E+2","5.31E+2","5.31E+2","5.31E+2","5.31E+2","5.15E+2","5.15E+2","5.15E+2","5.15E+2","3.73E+2","5.08E+2","1.17E+3","1.17E+3","2.94E+2","2.94E+2","2.94E+2","2.94E+2","8.90E+1","8.06E+1","1.39E+7","1.38E+7","1.37E+7","1.37E+7","1.37E+7","1.37E+7","1.39E+7","1.39E+7","1.39E+7","1.39E+7","4.52E+6","3.03E+6","3.03E+6","3.03E+6","3.03E+6","3.03E+6","5.67E+6","3.89E+7","2.23E+7","4.45E+7","8.90E+7","1.37E+7","9.98E+6"
"4.70E+1","5.17E+2","5.26E+2","5.30E+2","5.30E+2","5.30E+2","5.30E+2","5.15E+2","5.15E+2","5.15E+2","5.15E+2","3.73E+2","5.08E+2","1.17E+3","1.18E+3","2.94E+2","2.94E+2","2.94E+2","2.94E+2","8.90E+1","8.10E+1","1.39E+7","1.38E+7","1.38E+7","1.38E+7","1.38E+7","1.38E+7","1.39E+7","1.39E+7","1.39E+7","1.39E+7","4.52E+6","3.03E+6","3.03E+6","3.03E+6","3.03E+6","3.03E+6","5.66E+6","3.88E+7","2.19E+7","4.45E+7","8.76E+7","1.37E+7","9.98E+6"
"4.80E+1","5.17E+2","5.25E+2","5.29E+2","5.29E+2","5.29E+2","5.29E+2","5.14E+2","5.14E+2","5.14E+2","5.14E+2","3.73E+2","5.08E+2","1.17E+3","1.18E+3","2.95E+2","2.95E+2","2.95E+2","2.95E+2","8.90E+1","7.97E+1","1.39E+7","1.39E+7","1.38E+7","1.38E+7","1.38E+7","1.38E+7","1.39E+7","1.39E+7","1.39E+7","1.39E+7","4.51E+6","3.03E+6","3.03E+6","3.03E+6","3.03E+6","3.03E+6","5.66E+6","3.88E+7","2.16E+7","4.45E+7","8.62E+7","1.38E+7","9.98E+6"
"4.90E+1","5.16E+2","5.25E+2","5.29E+2","5.29E+2","5.29E+2","5.29E+2","5.14E+2","5.14E+2","5.14E+2","5.14E+2","3.73E+2","5.08E+2","1.17E+3","1.18E+3","2.95E+2","2.95E+2","2.95E+2","2.95E+2","8.90E+1","7.87E+1","1.40E+7","1.39E+7","1.38E+7","1.38E+7","1.38E+7","1.38E+7","1.40E+7","1.40E+7","1.40E+7","1.40E+7","4.51E+6","3.03E+6","3.03E+6","3.03E+6","3.03E+6","3.03E+6","5.66E+6","3.88E+7","2.12E+7","4.44E+7","8.49E+7","1.38E+7","9.98E+6"
"5.00E+1","5.16E+2","5.24E+2","5.28E+2","5.28E+2","5.28E+2","5.28E+2","5.13E+2","5.13E+2","5.13E+2","5.13E+2","3.73E+2","5.07E+2","1.17E+3","1.18E+3","2.95E+2","2.95E+2","2.95E+2","2.95E+2","8.90E+1","7.80E+1","1.40E+7","1.39E+7","1.39E+7","1.39E+7","1.39E+7","1.39E+7","1.40E+7","1.40E+7","1.40E+7","1.40E+7","4.51E+6","3.03E+6","3.03E+6","3.03E+6","3.03E+6","3.03E+6","5.65E+6","3.88E+7","2.09E+7","4.44E+7","8.36E+7","1.38E+7","9.98E+6"
"5.10E+1","5.15E+2","5.24E+2","5.27E+2","5.27E+2","5.27E+2","5.27E+2","5.13E+2","5.13E+2","5.13E+2","5.13E+2","3.73E+2","5.07E+2","1.17E+3","1.18E+3","2.95E+2","2.95E+2","2.95E+2","2.95E+2","8.90E+1","7.71E+1","1.37E+7","1.37E+7","1.36E+7","1.36E+7","1.36E+7","1.36E+7","1.37E+7","1.37E+7","1.37E+7","1.37E+7","4.51E+6","3.02E+6","3.02E+6","3.02E+6","3.02E+6","3.02E+6","5.66E+6","3.88E+7","2.05E+7","4.45E+7","8.20E+7","1.36E+7","1.01E+7"
"5.20E+1","5.15E+2","5.24E+2","5.27E+2","5.27E+2","5.27E+2","5.27E+2","5.13E+2","5.13E+2","5.13E+2","5.13E+2","3.73E+2","5.07E+2","1.17E+3","1.18E+3","2.95E+2","2.95E+2","2.95E+2","2.95E+2","8.90E+1","7.65E+1","1.36E+7","1.36E+7","1.35E+7","1.35E+7","1.35E+7","1.35E+7","1.36E+7","1.36E+7","1.36E+7","1.36E+7","4.51E+6","3.02E+6","3.02E+6","3.02E+6","3.02E+6","3.02E+6","5.66E+6","3.88E+7","2.01E+7","4.44E+7","8.06E+7","1.35E+7","1.01E+7"
"5.30E+1","5.15E+2","5.23E+2","5.26E+2","5.26E+2","5.26E+2","5.26E+2","5.12E+2","5.12E+2","5.12E+2","5.12E+2","3.73E+2","5.07E+2","1.17E+3","1.18E+3","2.95E+2","2.95E+2","2.95E+2","2.95E+2","8.90E+1","7.68E+1","1.36E+7","1.35E+7","1.34E+7","1.34E+7","1.34E+7","1.34E+7","1.35E+7","1.35E+7","1.35E+7","1.35E+7","4.51E+6","3.02E+6","3.02E+6","3.02E+6","3.02E+6","3.02E+6","5.65E+6","3.88E+7","1.99E+7","4.44E+7","7.95E+7","1.34E+7","1.01E+7"
"5.40E+1","5.14E+2","5.23E+2","5.26E+2","5.26E+2","5.26E+2","5.26E+2","5.12E+2","5.12E+2","5.12E+2","5.12E+2","3.73E+2","5.07E+2","1.18E+3","1.18E+3","2.95E+2","2.95E+2","2.95E+2","2.95E+2","8.90E+1","7.71E+1","1.35E+7","1.34E+7","1.34E+7","1.34E+7","1.34E+7","1.34E+7","1.35E+7","1.35E+7","1.35E+7","1.35E+7","4.51E+6","3.02E+6","3.02E+6","3.02E+6","3.02E+6","3.02E+6","5.65E+6","3.88E+7","1.96E+7","4.44E+7","7.85E+7","1.33E+7","1.00E+7"
"5.50E+1","5.14E+2","5.22E+2","5.25E+2","5.25E+2","5.25E+2","5.25E+2","5.12E+2","5.12E+2","5.12E+2","5.12E+2","3.73E+2","5.07E+2","1.18E+3","1.18E+3","2.96E+2","2.96E+2","2.96E+2","2.96E+2","8.90E+1","7.72E+1","1.34E+7","1.33E+7","1.33E+7","1.33E+7","1.33E+7","1.33E+7","1.34E+7","1.34E+7","1.34E+7","1.34E+7","4.51E+6","3.02E+6","3.02E+6","3.02E+6","3.02E+6","3.02E+6","5.65E+6","3.88E+7","1.94E+7","4.44E+7","7.74E+7","1.32E+7","1.00E+7"
"5.60E+1","5.13E+2","5.22E+2","5.25E+2","5.25E+2","5.25E+2","5.25E+2","5.11E+2","5.11E+2","5.11E+2","5.11E+2","3.73E+2","5.07E+2","1.18E+3","1.18E+3","2.96E+2","2.96E+2","2.96E+2","2.96E+2","8.90E+1","7.70E+1","1.33E+7","1.33E+7","1.32E+7","1.32E+7","1.32E+7","1.32E+7","1.33E+7","1.33E+7","1.33E+7","1.33E+7","4.50E+6","3.02E+6","3.02E+6","3.02E+6","3.02E+6","3.02E+6","5.65E+6","3.88E+7","1.91E+7","4.44E+7","7.65E+7","1.32E+7","1.00E+7"
"5.70E+1","5.13E+2","5.22E+2","5.24E+2","5.24E+2","5.24E+2","5.24E+2","5.11E+2","5.11E+2","5.11E+2","5.11E+2","3.73E+2","5.07E+2","1.18E+3","1.18E+3","2.96E+2","2.96E+2","2.96E+2","2.96E+2","8.90E+1","7.68E+1","1.33E+7","1.32E+7","1.31E+7","1.31E+7","1.31E+7","1.31E+7","1.33E+7","1.33E+7","1.33E+7","1.33E+7","4.50E+6","3.02E+6","3.02E+6","3.02E+6","3.02E+6","3.02E+6","5.65E+6","3.88E+7","1.89E+7","4.44E+7","7.55E+7","1.31E+7","1.00E+7"
"5.80E+1","5.13E+2","5.21E+2","5.24E+2","5.24E+2","5.24E+2","5.24E+2","5.11E+2","5.11E+2","5.11E+2","5.11E+2","3.73E+2","5.07E+2","1.18E+3","1.18E+3","2.96E+2","2.96E+2","2.96E+2","2.96E+2","8.90E+1","7.65E+1","1.32E+7","1.32E+7","1.31E+7","1.31E+7","1.31E+7","1.31E+7","1.32E+7","1.32E+7","1.32E+7","1.32E+7","4.50E+6","3.02E+6","3.02E+6","3.02E+6","3.02E+6","3.02E+6","5.65E+6","3.87E+7","1.87E+7","4.44E+7","7.46E+7","1.31E+7","1.00E+7"
"5.90E+1","5.12E+2","5.21E+2","5.23E+2","5.23E+2","5.23E+2","5.23E+2","5.10E+2","5.10E+2","5.10E+2","5.10E+2","3.73E+2","5.07E+2","1.18E+3","1.18E+3","2.96E+2","2.96E+2","2.96E+2","2.96E+2","8.90E+1","7.61E+1","1.32E+7","1.31E+7","1.30E+7","1.30E+7","1.30E+7","1.30E+7","1.32E+7","1.32E+7","1.32E+7","1.32E+7","4.50E+6","3.02E+6","3.02E+6","3.02E+6","3.02E+6","3.02E+6","5.65E+6","3.87E+7","1.84E+7","4.44E+7","7.38E+7","1.30E+7","1.00E+7"
"6.00E+1","5.12E+2","5.20E+2","5.23E+2","5.23E+2","5.23E+2","5.23E+2","5.10E+2","5.10E+2","5.10E+2","5.10E+2","3.73E+2","5.07E+2","1.18E+3","1.18E+3","2.97E+2","2.97E+2","2.97E+2","2.97E+2","8.90E+1","7.57E+1","1.31E+7","1.31E+7","1.30E+7","1.30E+7","1.30E+7","1.30E+7","1.31E+7","1.31E+7","1.31E+7","1.31E+7","4.50E+6","3.02E+6","3.02E+6","3.02E+6","3.02E+6","3.02E+6","5.64E+6","3.87E+7","1.82E+7","4.44E+7","7.29E+7","1.30E+7","1.00E+7"
"6.10E+1","5.12E+2","5.20E+2","5.23E+2","5.23E+2","5.23E+2","5.23E+2","5.10E+2","5.10E+2","5.10E+2","5.10E+2","3.73E+2","5.07E+2","1.18E+3","1.19E+3","2.97E+2","2.97E+2","2.97E+2","2.97E+2","8.90E+1","7.51E+1","1.31E+7","1.30E+7","1.30E+7","1.30E+7","1.30E+7","1.30E+7","1.31E+7","1.31E+7","1.31E+7","1.31E+7","4.50E+6","3.02E+6","3.02E+6","3.02E+6","3.02E+6","3.02E+6","5.64E+6","3.87E+7","1.80E+7","4.43E+7","7.21E+7","1.29E+7","1.00E+7"
"6.20E+1","5.11E+2","5.20E+2","5.22E+2","5.22E+2","5.22E+2","5.22E+2","5.10E+2","5.10E+2","5.10E+2","5.10E+2","3.73E+2","5.07E+2","1.18E+3","1.19E+3","2.97E+2","2.97E+2","2.97E+2","2.97E+2","8.90E+1","7.45E+1","1.31E+7","1.30E+7","1.29E+7","1.29E+7","1.29E+7","1.29E+7","1.31E+7","1.31E+7","1.31E+7","1.31E+7","4.50E+6","3.02E+6","3.02E+6","3.02E+6","3.02E+6","3.02E+6","5.64E+6","3.87E+7","1.78E+7","4.43E+7","7.12E+7","1.29E+7","1.00E+7"
"6.30E+1","5.11E+2","5.19E+2","5.22E+2","5.22E+2","5.22E+2","5.22E+2","5.09E+2","5.09E+2","5.09E+2","5.09E+2","3.73E+2","5.07E+2","1.18E+3","1.19E+3","2.97E+2","2.97E+2","2.97E+2","2.97E+2","8.90E+1","7.43E+1","1.30E+7","1.29E+7","1.29E+7","1.29E+7","1.29E+7","1.29E+7","1.30E+7","1.30E+7","1.30E+7","1.30E+7","4.50E+6","3.01E+6","3.02E+6","3.02E+6","3.02E+6","3.02E+6","5.64E+6","3.87E+7","1.76E+7","4.43E+7","7.05E+7","1.28E+7","1.00E+7"
"6.40E+1","5.11E+2","5.19E+2","5.21E+2","5.21E+2","5.21E+2","5.21E+2","5.09E+2","5.09E+2","5.09E+2","5.09E+2","3.73E+2","5.07E+2","1.18E+3","1.19E+3","2.97E+2","2.97E+2","2.97E+2","2.97E+2","8.90E+1","7.42E+1","1.30E+7","1.29E+7","1.28E+7","1.28E+7","1.28E+7","1.28E+7","1.30E+7","1.30E+7","1.30E+7","1.30E+7","4.50E+6","3.01E+6","3.01E+6","3.01E+6","3.01E+6","3.01E+6","5.64E+6","3.87E+7","1.74E+7","4.43E+7","6.97E+7","1.28E+7","1.00E+7"
"6.50E+1","5.11E+2","5.19E+2","5.21E+2","5.21E+2","5.21E+2","5.21E+2","5.09E+2","5.09E+2","5.09E+2","5.09E+2","3.73E+2","5.07E+2","1.18E+3","1.19E+3","2.97E+2","2.97E+2","2.97E+2","2.97E+2","8.90E+1","7.39E+1","1.29E+7","1.28E+7","1.28E+7","1.28E+7","1.28E+7","1.28E+7","1.29E+7","1.29E+7","1.29E+7","1.29E+7","4.50E+6","3.01E+6","3.01E+6","3.01E+6","3.01E+6","3.01E+6","5.64E+6","3.87E+7","1.72E+7","4.43E+7","6.90E+7","1.27E+7","1.00E+7"
"6.60E+1","5.10E+2","5.19E+2","5.21E+2","5.21E+2","5.21E+2","5.21E+2","5.09E+2","5.09E+2","5.09E+2","5.09E+2","3.73E+2","5.07E+2","1.18E+3","1.19E+3","2.97E+2","2.97E+2","2.97E+2","2.97E+2","8.90E+1","7.34E+1","1.29E+7","1.28E+7","1.27E+7","1.27E+7","1.27E+7","1.27E+7","1.29E+7","1.29E+7","1.29E+7","1.29E+7","4.50E+6","3.01E+6","3.01E+6","3.01E+6","3.01E+6","3.01E+6","5.64E+6","3.87E+7","1.71E+7","4.43E+7","6.83E+7","1.27E+7","1.00E+7"
"6.70E+1","5.10E+2","5.18E+2","5.20E+2","5.20E+2","5.20E+2","5.20E+2","5.08E+2","5.08E+2","5.08E+2","5.08E+2","3.73E+2","5.07E+2","1.19E+3","1.19E+3","2.97E+2","2.97E+2","2.97E+2","2.97E+2","8.90E+1","7.36E+1","1.28E+7","1.28E+7","1.27E+7","1.27E+7","1.27E+7","1.27E+7","1.28E+7","1.28E+7","1.28E+7","1.28E+7","4.50E+6","3.01E+6","3.01E+6","3.01E+6","3.01E+6","3.01E+6","5.64E+6","3.86E+7","1.69E+7","4.43E+7","6.76E+7","1.27E+7","1.00E+7"
"6.80E+1","5.10E+2","5.18E+2","5.20E+2","5.20E+2","5.20E+2","5.20E+2","5.08E+2","5.08E+2","5.08E+2","5.08E+2","3.73E+2","5.07E+2","1.19E+3","1.19E+3","2.98E+2","2.98E+2","2.98E+2","2.98E+2","8.90E+1","7.33E+1","1.28E+7","1.27E+7","1.27E+7","1.27E+7","1.27E+7","1.27E+7","1.28E+7","1.28E+7","1.28E+7","1.28E+7","4.50E+6","3.01E+6","3.01E+6","3.01E+6","3.01E+6","3.01E+6","5.64E+6","3.86E+7","1.67E+7","4.43E+7","6.70E+7","1.26E+7","1.00E+7"
"6.90E+1","5.10E+2","5.18E+2","5.20E+2","5.20E+2","5.20E+2","5.20E+2","5.08E+2","5.08E+2","5.08E+2","5.08E+2","3.73E+2","5.07E+2","1.19E+3","1.19E+3","2.98E+2","2.98E+2","2.98E+2","2.98E+2","8.90E+1","7.31E+1","1.28E+7","1.27E+7","1.26E+7","1.26E+7","1.26E+7","1.26E+7","1.28E+7","1.28E+7","1.28E+7","1.28E+7","4.49E+6","3.01E+6","3.01E+6","3.01E+6","3.01E+6","3.01E+6","5.63E+6","3.86E+7","1.66E+7","4.43E+7","6.64E+7","1.26E+7","1.00E+7"
"7.00E+1","5.09E+2","5.18E+2","5.19E+2","5.19E+2","5.19E+2","5.19E+2","5.08E+2","5.08E+2","5.08E+2","5.08E+2","3.73E+2","5.07E+2","1.19E+3","1.19E+3","2.98E+2","2.98E+2","2.98E+2","2.98E+2","8.90E+1","7.36E+1","1.27E+7","1.26E+7","1.26E+7","1.26E+7","1.26E+7","1.26E+7","1.27E+7","1.27E+7","1.27E+7","1.27E+7","4.49E+6","3.01E+6","3.01E+6","3.01E+6","3.01E+6","3.01E+6","5.63E+6","3.86E+7","1.65E+7","4.43E+7","6.58E+7","1.25E+7","1.00E+7"
"7.10E+1","5.09E+2","5.17E+2","5.19E+2","5.19E+2","5.19E+2","5.19E+2","5.08E+2","5.08E+2","5.08E+2","5.08E+2","3.73E+2","5.07E+2","1.19E+3","1.19E+3","2.98E+2","2.98E+2","2.98E+2","2.98E+2","8.90E+1","7.31E+1","1.27E+7","1.26E+7","1.25E+7","1.25E+7","1.25E+7","1.25E+7","1.27E+7","1.27E+7","1.27E+7","1.27E+7","4.49E+6","3.01E+6","3.01E+6","3.01E+6","3.01E+6","3.01E+6","5.63E+6","3.86E+7","1.63E+7","4.43E+7","6.52E+7","1.25E+7","1.00E+7"
"7.20E+1","5.09E+2","5.17E+2","5.19E+2","5.19E+2","5.19E+2","5.19E+2","5.07E+2","5.07E+2","5.07E+2","5.07E+2","3.73E+2","5.07E+2","1.19E+3","1.19E+3","2.98E+2","2.98E+2","2.98E+2","2.98E+2","8.90E+1","7.23E+1","1.26E+7","1.26E+7","1.25E+7","1.25E+7","1.25E+7","1.25E+7","1.26E+7","1.26E+7","1.26E+7","1.26E+7","4.49E+6","3.01E+6","3.01E+6","3.01E+6","3.01E+6","3.01E+6","5.63E+6","3.86E+7","1.62E+7","4.43E+7","6.47E+7","1.25E+7","1.00E+7"
"7.30E+1","5.09E+2","5.17E+2","5.19E+2","5.19E+2","5.19E+2","5.19E+2","5.07E+2","5.07E+2","5.07E+2","5.07E+2","3.73E+2","5.07E+2","1.19E+3","1.19E+3","2.98E+2","2.98E+2","2.98E+2","2.98E+2","8.90E+1","7.17E+1","1.26E+7","1.25E+7","1.25E+7","1.25E+7","1.25E+7","1.25E+7","1.26E+7","1.26E+7","1.26E+7","1.26E+7","4.49E+6","3.01E+6","3.01E+6","3.01E+6","3.01E+6","3.01E+6","5.63E+6","3.86E+7","1.60E+7","4.42E+7","6.42E+7","1.24E+7","1.00E+7"
"7.40E+1","5.08E+2","5.17E+2","5.18E+2","5.18E+2","5.18E+2","5.18E+2","5.07E+2","5.07E+2","5.07E+2","5.07E+2","3.73E+2","5.07E+2","1.19E+3","1.19E+3","2.98E+2","2.98E+2","2.98E+2","2.98E+2","8.90E+1","7.11E+1","1.26E+7","1.25E+7","1.24E+7","1.24E+7","1.24E+7","1.24E+7","1.26E+7","1.26E+7","1.26E+7","1.26E+7","4.49E+6","3.01E+6","3.01E+6","3.01E+6","3.01E+6","3.01E+6","5.63E+6","3.86E+7","1.59E+7","4.42E+7","6.36E+7","1.24E+7","1.00E+7"
"7.50E+1","5.08E+2","5.16E+2","5.18E+2","5.18E+2","5.18E+2","5.18E+2","5.07E+2","5.07E+2","5.07E+2","5.07E+2","3.73E+2","5.07E+2","1.19E+3","1.19E+3","2.98E+2","2.98E+2","2.98E+2","2.98E+2","8.90E+1","7.10E+1","1.25E+7","1.24E+7","1.24E+7","1.24E+7","1.24E+7","1.24E+7","1.25E+7","1.25E+7","1.25E+7","1.25E+7","4.49E+6","3.01E+6","3.01E+6","3.01E+6","3.01E+6","3.01E+6","5.63E+6","3.86E+7","1.58E+7","4.42E+7","6.32E+7","1.23E+7","1.00E+7"
"7.60E+1","5.08E+2","5.16E+2","5.18E+2","5.18E+2","5.18E+2","5.18E+2","5.07E+2","5.07E+2","5.07E+2","5.07E+2","3.73E+2","5.07E+2","1.19E+3","1.19E+3","2.98E+2","2.98E+2","2.98E+2","2.98E+2","8.90E+1","7.07E+1","1.25E+7","1.24E+7","1.23E+7","1.23E+7","1.23E+7","1.23E+7","1.25E+7","1.25E+7","1.25E+7","1.25E+7","4.49E+6","3.01E+6","3.01E+6","3.01E+6","3.01E+6","3.01E+6","5.63E+6","3.86E+7","1.57E+7","4.42E+7","6.27E+7","1.23E+7","1.00E+7"
"7.70E+1","5.08E+2","5.16E+2","5.17E+2","5.17E+2","5.17E+2","5.17E+2","5.06E+2","5.06E+2","5.06E+2","5.06E+2","3.73E+2","5.07E+2","1.19E+3","1.19E+3","2.98E+2","2.98E+2","2.98E+2","2.98E+2","8.90E+1","7.04E+1","1.24E+7","1.24E+7","1.23E+7","1.23E+7","1.23E+7","1.23E+7","1.24E+7","1.24E+7","1.24E+7","1.24E+7","4.49E+6","3.01E+6","3.01E+6","3.01E+6","3.01E+6","3.01E+6","5.63E+6","3.86E+7","1.56E+7","4.42E+7","6.22E+7","1.23E+7","1.00E+7"
"7.80E+1","5.07E+2","5.16E+2","5.17E+2","5.17E+2","5.17E+2","5.17E+2","5.06E+2","5.06E+2","5.06E+2","5.06E+2","3.73E+2","5.07E+2","1.19E+3","1.19E+3","2.99E+2","2.99E+2","2.99E+2","2.99E+2","8.90E+1","7.01E+1","1.24E+7","1.23E+7","1.23E+7","1.23E+7","1.23E+7","1.23E+7","1.24E+7","1.24E+7","1.24E+7","1.24E+7","4.49E+6","3.01E+6","3.01E+6","3.01E+6","3.01E+6","3.01E+6","5.63E+6","3.86E+7","1.54E+7","4.42E+7","6.18E+7","1.22E+7","1.00E+7"
"7.90E+1","5.07E+2","5.15E+2","5.17E+2","5.17E+2","5.17E+2","5.17E+2","5.06E+2","5.06E+2","5.06E+2","5.06E+2","3.73E+2","5.07E+2","1.19E+3","1.19E+3","2.99E+2","2.99E+2","2.99E+2","2.99E+2","8.90E+1","6.98E+1","1.24E+7","1.23E+7","1.22E+7","1.22E+7","1.22E+7","1.22E+7","1.24E+7","1.24E+7","1.24E+7","1.24E+7","4.49E+6","3.01E+6","3.01E+6","3.01E+6","3.01E+6","3.01E+6","5.63E+6","3.86E+7","1.53E+7","4.42E+7","6.14E+7","1.22E+7","1.00E+7"
"8.00E+1","5.07E+2","5.15E+2","5.17E+2","5.17E+2","5.17E+2","5.17E+2","5.06E+2","5.06E+2","5.06E+2","5.06E+2","3.73E+2","5.07E+2","1.19E+3","1.19E+3","2.99E+2","2.99E+2","2.99E+2","2.99E+2","8.90E+1","6.95E+1","1.23E+7","1.22E+7","1.22E+7","1.22E+7","1.22E+7","1.22E+7","1.23E+7","1.23E+7","1.23E+7","1.23E+7","4.49E+6","3.01E+6","3.01E+6","3.01E+6","3.01E+6","3.01E+6","5.63E+6","3.86E+7","1.52E+7","4.42E+7","6.10E+7","1.21E+7","1.00E+7"
"8.10E+1","5.07E+2","5.15E+2","5.16E+2","5.16E+2","5.16E+2","5.16E+2","5.06E+2","5.06E+2","5.06E+2","5.06E+2","3.73E+2","5.07E+2","1.19E+3","1.19E+3","2.99E+2","2.99E+2","2.99E+2","2.99E+2","8.90E+1","6.92E+1","1.23E+7","1.22E+7","1.21E+7","1.21E+7","1.21E+7","1.21E+7","1.23E+7","1.23E+7","1.23E+7","1.23E+7","4.49E+6","3.01E+6","3.01E+6","3.01E+6","3.01E+6","3.01E+6","5.63E+6","3.86E+7","1.51E+7","4.42E+7","6.06E+7","1.21E+7","1.00E+7"
"8.20E+1","5.07E+2","5.15E+2","5.16E+2","5.16E+2","5.16E+2","5.16E+2","5.06E+2","5.06E+2","5.06E+2","5.06E+2","3.73E+2","5.07E+2","1.19E+3","1.19E+3","2.99E+2","2.99E+2","2.99E+2","2.99E+2","8.90E+1","6.89E+1","1.22E+7","1.22E+7","1.21E+7","1.21E+7","1.21E+7","1.21E+7","1.22E+7","1.22E+7","1.22E+7","1.22E+7","4.49E+6","3.01E+6","3.01E+6","3.01E+6","3.01E+6","3.01E+6","5.63E+6","3.86E+7","1.50E+7","4.42E+7","6.02E+7","1.21E+7","1.00E+7"
"8.30E+1","5.07E+2","5.15E+2","5.16E+2","5.16E+2","5.16E+2","5.16E+2","5.05E+2","5.05E+2","5.05E+2","5.05E+2","3.73E+2","5.07E+2","1.19E+3","1.20E+3","2.99E+2","2.99E+2","2.99E+2","2.99E+2","8.90E+1","6.87E+1","1.22E+7","1.21E+7","1.21E+7","1.21E+7","1.21E+7","1.21E+7","1.22E+7","1.22E+7","1.22E+7","1.22E+7","4.49E+6","3.01E+6","3.01E+6","3.01E+6","3.01E+6","3.01E+6","5.62E+6","3.86E+7","1.50E+7","4.42E+7","5.98E+7","1.20E+7","1.00E+7"
"8.40E+1","5.06E+2","5.14E+2","5.16E+2","5.16E+2","5.16E+2","5.16E+2","5.05E+2","5.05E+2","5.05E+2","5.05E+2","3.73E+2","5.07E+2","1.19E+3","1.20E+3","2.99E+2","2.99E+2","2.99E+2","2.99E+2","8.90E+1","6.84E+1","1.22E+7","1.21E+7","1.20E+7","1.20E+7","1.20E+7","1.20E+7","1.22E+7","1.22E+7","1.22E+7","1.22E+7","4.49E+6","3.01E+6","3.01E+6","3.01E+6","3.01E+6","3.01E+6","5.62E+6","3.86E+7","1.49E+7","4.42E+7","5.95E+7","1.20E+7","1.00E+7"
"8.50E+1","5.06E+2","5.14E+2","5.16E+2","5.16E+2","5.16E+2","5.16E+2","5.05E+2","5.05E+2","5.05E+2","5.05E+2","3.73E+2","5.07E+2","1.19E+3","1.20E+3","2.99E+2","2.99E+2","2.99E+2","2.99E+2","8.90E+1","6.82E+1","1.21E+7","1.20E+7","1.20E+7","1.20E+7","1.20E+7","1.20E+7","1.21E+7","1.21E+7","1.21E+7","1.21E+7","4.49E+6","3.01E+6","3.01E+6","3.01E+6","3.01E+6","3.01E+6","5.62E+6","3.86E+7","1.48E+7","4.42E+7","5.91E+7","1.19E+7","1.00E+7"
"8.60E+1","5.06E+2","5.14E+2","5.15E+2","5.15E+2","5.15E+2","5.15E+2","5.05E+2","5.05E+2","5.05E+2","5.05E+2","3.73E+2","5.07E+2","1.19E+3","1.20E+3","2.99E+2","2.99E+2","2.99E+2","2.99E+2","8.90E+1","6.81E+1","1.21E+7","1.20E+7","1.19E+7","1.19E+7","1.19E+7","1.19E+7","1.21E+7","1.21E+7","1.21E+7","1.21E+7","4.49E+6","3.01E+6","3.01E+6","3.01E+6","3.01E+6","3.01E+6","5.62E+6","3.86E+7","1.47E+7","4.42E+7","5.88E+7","1.19E+7","1.00E+7"
"8.70E+1","5.06E+2","5.14E+2","5.15E+2","5.15E+2","5.15E+2","5.15E+2","5.05E+2","5.05E+2","5.05E+2","5.05E+2","3.73E+2","5.07E+2","1.19E+3","1.20E+3","2.99E+2","2.99E+2","2.99E+2","2.99E+2","8.90E+1","6.81E+1","1.21E+7","1.20E+7","1.19E+7","1.19E+7","1.19E+7","1.19E+7","1.20E+7","1.20E+7","1.20E+7","1.20E+7","4.49E+6","3.01E+6","3.01E+6","3.01E+6","3.01E+6","3.01E+6","5.62E+6","3.86E+7","1.46E+7","4.42E+7","5.85E+7","1.19E+7","1.00E+7"
"8.80E+1","5.06E+2","5.14E+2","5.15E+2","5.15E+2","5.15E+2","5.15E+2","5.05E+2","5.05E+2","5.05E+2","5.05E+2","3.73E+2","5.07E+2","1.19E+3","1.20E+3","2.99E+2","2.99E+2","2.99E+2","2.99E+2","8.90E+1","6.80E+1","1.20E+7","1.19E+7","1.19E+7","1.19E+7","1.19E+7","1.19E+7","1.20E+7","1.20E+7","1.20E+7","1.20E+7","4.49E+6","3.01E+6","3.01E+6","3.01E+6","3.01E+6","3.01E+6","5.62E+6","3.86E+7","1.45E+7","4.42E+7","5.82E+7","1.18E+7","1.00E+7"
"8.90E+1","5.05E+2","5.14E+2","5.15E+2","5.15E+2","5.15E+2","5.15E+2","5.05E+2","5.05E+2","5.05E+2","5.05E+2","3.73E+2","5.07E+2","1.19E+3","1.20E+3","2.99E+2","2.99E+2","2.99E+2","2.99E+2","8.90E+1","6.79E+1","1.20E+7","1.19E+7","1.18E+7","1.18E+7","1.18E+7","1.18E+7","1.20E+7","1.20E+7","1.20E+7","1.20E+7","4.49E+6","3.01E+6","3.01E+6","3.01E+6","3.01E+6","3.01E+6","5.62E+6","3.85E+7","1.45E+7","4.42E+7","5.79E+7","1.18E+7","1.00E+7"
"9.00E+1","5.05E+2","5.13E+2","5.15E+2","5.15E+2","5.15E+2","5.15E+2","5.04E+2","5.04E+2","5.04E+2","5.04E+2","3.73E+2","5.07E+2","1.20E+3","1.20E+3","2.99E+2","2.99E+2","2.99E+2","2.99E+2","8.90E+1","6.77E+1","1.19E+7","1.19E+7","1.18E+7","1.18E+7","1.18E+7","1.18E+7","1.19E+7","1.19E+7","1.19E+7","1.19E+7","4.49E+6","3.01E+6","3.01E+6","3.01E+6","3.01E+6","3.01E+6","5.62E+6","3.85E+7","1.44E+7","4.42E+7","5.76E+7","1.18E+7","1.00E+7"
"9.10E+1","5.05E+2","5.13E+2","5.14E+2","5.14E+2","5.14E+2","5.14E+2","5.04E+2","5.04E+2","5.04E+2","5.04E+2","3.73E+2","5.07E+2","1.20E+3","1.20E+3","2.99E+2","2.99E+2","2.99E+2","2.99E+2","8.90E+1","6.76E+1","1.19E+7","1.18E+7","1.18E+7","1.18E+7","1.18E+7","1.18E+7","1.19E+7","1.19E+7","1.19E+7","1.19E+7","4.49E+6","3.01E+6","3.01E+6","3.01E+6","3.01E+6","3.01E+6","5.62E+6","3.85E+7","1.43E+7","4.42E+7","5.73E+7","1.17E+7","1.00E+7"
"9.20E+1","5.05E+2","5.13E+2","5.14E+2","5.14E+2","5.14E+2","5.14E+2","5.04E+2","5.04E+2","5.04E+2","5.04E+2","3.73E+2","5.07E+2","1.20E+3","1.20E+3","3.00E+2","3.00E+2","3.00E+2","3.00E+2","8.90E+1","6.76E+1","1.19E+7","1.18E+7","1.17E+7","1.17E+7","1.17E+7","1.17E+7","1.19E+7","1.19E+7","1.19E+7","1.19E+7","4.49E+6","3.01E+6","3.01E+6","3.01E+6","3.01E+6","3.01E+6","5.62E+6","3.85E+7","1.43E+7","4.42E+7","5.71E+7","1.17E+7","1.00E+7"
"9.30E+1","5.05E+2","5.13E+2","5.14E+2","5.14E+2","5.14E+2","5.14E+2","5.04E+2","5.04E+2","5.04E+2","5.04E+2","3.73E+2","5.07E+2","1.20E+3","1.20E+3","3.00E+2","3.00E+2","3.00E+2","3.00E+2","8.90E+1","6.74E+1","1.18E+7","1.18E+7","1.17E+7","1.17E+7","1.17E+7","1.17E+7","1.18E+7","1.18E+7","1.18E+7","1.18E+7","4.49E+6","3.00E+6","3.01E+6","3.01E+6","3.01E+6","3.01E+6","5.62E+6","3.85E+7","1.42E+7","4.42E+7","5.68E+7","1.17E+7","1.00E+7"
"9.40E+1","5.05E+2","5.13E+2","5.14E+2","5.14E+2","5.14E+2","5.14E+2","5.04E+2","5.04E+2","5.04E+2","5.04E+2","3.73E+2","5.07E+2","1.20E+3","1.20E+3","3.00E+2","3.00E+2","3.00E+2","3.00E+2","8.90E+1","6.73E+1","1.18E+7","1.17E+7","1.17E+7","1.17E+7","1.17E+7","1.17E+7","1.18E+7","1.18E+7","1.18E+7","1.18E+7","4.49E+6","3.00E+6","3.01E+6","3.01E+6","3.01E+6","3.01E+6","5.62E+6","3.85E+7","1.41E+7","4.42E+7","5.66E+7","1.16E+7","1.00E+7"
"9.50E+1","5.05E+2","5.13E+2","5.14E+2","5.14E+2","5.14E+2","5.14E+2","5.04E+2","5.04E+2","5.04E+2","5.04E+2","3.73E+2","5.07E+2","1.20E+3","1.20E+3","3.00E+2","3.00E+2","3.00E+2","3.00E+2","8.90E+1","6.72E+1","1.18E+7","1.17E+7","1.16E+7","1.16E+7","1.16E+7","1.16E+7","1.18E+7","1.18E+7","1.18E+7","1.18E+7","4.49E+6","3.00E+6","3.01E+6","3.01E+6","3.01E+6","3.01E+6","5.62E+6","3.85E+7","1.41E+7","4.42E+7","5.62E+7","1.16E+7","1.00E+7"
"9.60E+1","5.04E+2","5.13E+2","5.14E+2","5.14E+2","5.14E+2","5.14E+2","5.04E+2","5.04E+2","5.04E+2","5.04E+2","3.73E+2","5.07E+2","1.20E+3","1.20E+3","3.00E+2","3.00E+2","3.00E+2","3.00E+2","8.90E+1","6.72E+1","1.17E+7","1.17E+7","1.16E+7","1.16E+7","1.16E+7","1.16E+7","1.17E+7","1.17E+7","1.17E+7","1.17E+7","4.49E+6","3.00E+6","3.01E+6","3.01E+6","3.01E+6","3.01E+6","5.62E+6","3.85E+7","1.40E+7","4.42E+7","5.60E+7","1.16E+7","1.00E+7"
"9.70E+1","5.04E+2","5.12E+2","5.13E+2","5.13E+2","5.13E+2","5.13E+2","5.03E+2","5.03E+2","5.03E+2","5.03E+2","3.73E+2","5.07E+2","1.20E+3","1.20E+3","3.00E+2","3.00E+2","3.00E+2","3.00E+2","8.90E+1","6.71E+1","1.17E+7","1.16E+7","1.16E+7","1.16E+7","1.16E+7","1.16E+7","1.17E+7","1.17E+7","1.17E+7","1.17E+7","4.49E+6","3.00E+6","3.01E+6","3.01E+6","3.01E+6","3.01E+6","5.62E+6","3.85E+7","1.40E+7","4.41E+7","5.58E+7","1.15E+7","1.00E+7"
"9.80E+1","5.04E+2","5.12E+2","5.13E+2","5.13E+2","5.13E+2","5.13E+2","5.03E+2","5.03E+2","5.03E+2","5.03E+2","3.73E+2","5.07E+2","1.20E+3","1.20E+3","3.00E+2","3.00E+2","3.00E+2","3.00E+2","8.90E+1","6.73E+1","1.17E+7","1.16E+7","1.15E+7","1.15E+7","1.15E+7","1.15E+7","1.17E+7","1.17E+7","1.17E+7","1.17E+7","4.49E+6","3.00E+6","3.00E+6","3.00E+6","3.00E+6","3.00E+6","5.62E+6","3.85E+7","1.39E+7","4.41E+7","5.56E+7","1.15E+7","1.00E+7"
"9.90E+1","5.04E+2","5.12E+2","5.13E+2","5.13E+2","5.13E+2","5.13E+2","5.03E+2","5.03E+2","5.03E+2","5.03E+2","3.73E+2","5.07E+2","1.20E+3","1.20E+3","3.00E+2","3.00E+2","3.00E+2","3.00E+2","8.90E+1","6.74E+1","1.16E+7","1.16E+7","1.15E+7","1.15E+7","1.15E+7","1.15E+7","1.16E+7","1.16E+7","1.16E+7","1.16E+7","4.49E+6","3.00E+6","3.00E+6","3.00E+6","3.00E+6","3.00E+6","5.62E+6","3.85E+7","1.39E+7","4.41E+7","5.54E+7","1.15E+7","1.00E+7"
"1.00E+2","5.04E+2","5.12E+2","5.13E+2","5.13E+2","5.13E+2","5.13E+2","5.03E+2","5.03E+2","5.03E+2","5.03E+2","3.73E+2","5.07E+2","1.20E+3","1.20E+3","3.00E+2","3.00E+2","3.00E+2","3.00E+2","8.90E+1","6.75E+1","1.16E+7","1.15E+7","1.15E+7","1.15E+7","1.15E+7","1.15E+7","1.16E+7","1.16E+7","1.16E+7","1.16E+7","4.49E+6","3.00E+6","3.00E+6","3.00E+6","3.00E+6","3.00E+6","5.62E+6","3.85E+7","1.38E+7","4.41E+7","5.52E+7","1.14E+7","1.00E+7"
"1.01E+2","5.04E+2","5.12E+2","5.13E+2","5.13E+2","5.13E+2","5.13E+2","5.03E+2","5.03E+2","5.03E+2","5.03E+2","3.73E+2","5.07E+2","1.20E+3","1.20E+3","3.00E+2","3.00E+2","3.00E+2","3.00E+2","8.90E+1","6.74E+1","1.16E+7","1.15E+7","1.14E+7","1.14E+7","1.14E+7","1.14E+7","1.16E+7","1.16E+7","1.16E+7","1.16E+7","4.49E+6","3.00E+6","3.00E+6","3.00E+6","3.00E+6","3.00E+6","5.62E+6","3.85E+7","1.38E+7","4.41E+7","5.51E+7","1.14E+7","1.00E+7"
"1.02E+2","5.04E+2","5.12E+2","5.13E+2","5.13E+2","5.13E+2","5.13E+2","5.03E+2","5.03E+2","5.03E+2","5.03E+2","3.73E+2","5.07E+2","1.20E+3","1.20E+3","3.00E+2","3.00E+2","3.00E+2","3.00E+2","8.90E+1","6.73E+1","1.15E+7","1.15E+7","1.14E+7","1.14E+7","1.14E+7","1.14E+7","1.15E+7","1.15E+7","1.15E+7","1.15E+7","4.49E+6","3.00E+6","3.00E+6","3.00E+6","3.00E+6","3.00E+6","5.62E+6","3.85E+7","1.37E+7","4.41E+7","5.48E+7","1.14E+7","1.00E+7"
"1.03E+2","5.03E+2","5.12E+2","5.12E+2","5.12E+2","5.12E+2","5.12E+2","5.03E+2","5.03E+2","5.03E+2","5.03E+2","3.73E+2","5.07E+2","1.20E+3","1.20E+3","3.00E+2","3.00E+2","3.00E+2","3.00E+2","8.90E+1","6.71E+1","1.15E+7","1.14E+7","1.14E+7","1.14E+7","1.14E+7","1.14E+7","1.15E+7","1.15E+7","1.15E+7","1.15E+7","4.49E+6","3.00E+6","3.00E+6","3.00E+6","3.00E+6","3.00E+6","5.62E+6","3.85E+7","1.37E+7","4.41E+7","5.47E+7","1.13E+7","1.00E+7"
"1.04E+2","5.03E+2","5.11E+2","5.12E+2","5.12E+2","5.12E+2","5.12E+2","5.03E+2","5.03E+2","5.03E+2","5.03E+2","3.73E+2","5.07E+2","1.20E+3","1.20E+3","3.00E+2","3.00E+2","3.00E+2","3.00E+2","8.90E+1","6.68E+1","1.15E+7","1.14E+7","1.13E+7","1.13E+7","1.13E+7","1.13E+7","1.15E+7","1.15E+7","1.15E+7","1.15E+7","4.49E+6","3.00E+6","3.00E+6","3.00E+6","3.00E+6","3.00E+6","5.62E+6","3.85E+7","1.36E+7","4.41E+7","5.45E+7","1.13E+7","1.00E+7"
"1.05E+2","5.03E+2","5.11E+2","5.12E+2","5.12E+2","5.12E+2","5.12E+2","5.03E+2","5.03E+2","5.03E+2","5.03E+2","3.73E+2","5.07E+2","1.20E+3","1.20E+3","3.00E+2","3.00E+2","3.00E+2","3.00E+2","8.90E+1","6.63E+1","1.14E+7","1.14E+7","1.13E+7","1.13E+7","1.13E+7","1.13E+7","1.14E+7","1.14E+7","1.14E+7","1.14E+7","4.48E+6","3.00E+6","3.00E+6","3.00E+6","3.00E+6","3.00E+6","5.62E+6","3.85E+7","1.36E+7","4.41E+7","5.42E+7","1.13E+7","1.00E+7"
"1.06E+2","5.03E+2","5.11E+2","5.12E+2","5.12E+2","5.12E+2","5.12E+2","5.02E+2","5.02E+2","5.02E+2","5.02E+2","3.73E+2","5.07E+2","1.20E+3","1.20E+3","3.00E+2","3.00E+2","3.00E+2","3.00E+2","8.90E+1","6.61E+1","1.14E+7","1.13E+7","1.13E+7","1.13E+7","1.13E+7","1.13E+7","1.14E+7","1.14E+7","1.14E+7","1.14E+7","4.48E+6","3.00E+6","3.00E+6","3.00E+6","3.00E+6","3.00E+6","5.62E+6","3.85E+7","1.35E+7","4.41E+7","5.41E+7","1.12E+7","1.00E+7"
"1.07E+2","5.03E+2","5.11E+2","5.12E+2","5.12E+2","5.12E+2","5.12E+2","5.02E+2","5.02E+2","5.02E+2","5.02E+2","3.73E+2","5.07E+2","1.20E+3","1.20E+3","3.00E+2","3.00E+2","3.00E+2","3.00E+2","8.90E+1","6.58E+1","1.14E+7","1.13E+7","1.12E+7","1.12E+7","1.12E+7","1.12E+7","1.14E+7","1.14E+7","1.14E+7","1.14E+7","4.49E+6","3.00E+6","3.00E+6","3.00E+6","3.00E+6","3.00E+6","5.62E+6","3.85E+7","1.35E+7","4.41E+7","5.40E+7","1.12E+7","1.00E+7"
"1.08E+2","5.03E+2","5.11E+2","5.12E+2","5.12E+2","5.12E+2","5.12E+2","5.02E+2","5.02E+2","5.02E+2","5.02E+2","3.73E+2","5.07E+2","1.20E+3","1.20E+3","3.00E+2","3.00E+2","3.00E+2","3.00E+2","8.90E+1","6.55E+1","1.13E+7","1.13E+7","1.12E+7","1.12E+7","1.12E+7","1.12E+7","1.13E+7","1.13E+7","1.13E+7","1.13E+7","4.49E+6","3.00E+6","3.00E+6","3.00E+6","3.00E+6","3.00E+6","5.62E+6","3.85E+7","1.35E+7","4.41E+7","5.39E+7","1.12E+7","1.00E+7"
"1.09E+2","5.03E+2","5.11E+2","5.12E+2","5.12E+2","5.12E+2","5.12E+2","5.02E+2","5.02E+2","5.02E+2","5.02E+2","3.73E+2","5.07E+2","1.20E+3","1.20E+3","3.00E+2","3.00E+2","3.00E+2","3.00E+2","8.90E+1","6.52E+1","1.13E+7","1.12E+7","1.12E+7","1.12E+7","1.12E+7","1.12E+7","1.13E+7","1.13E+7","1.13E+7","1.13E+7","4.49E+6","3.00E+6","3.00E+6","3.00E+6","3.00E+6","3.00E+6","5.62E+6","3.85E+7","1.34E+7","4.41E+7","5.37E+7","1.11E+7","1.00E+7"
"1.10E+2","5.03E+2","5.11E+2","5.12E+2","5.12E+2","5.12E+2","5.12E+2","5.02E+2","5.02E+2","5.02E+2","5.02E+2","3.73E+2","5.07E+2","1.20E+3","1.20E+3","3.00E+2","3.00E+2","3.00E+2","3.00E+2","8.90E+1","6.45E+1","1.13E+7","1.12E+7","1.11E+7","1.11E+7","1.11E+7","1.11E+7","1.13E+7","1.13E+7","1.13E+7","1.13E+7","4.49E+6","3.00E+6","3.00E+6","3.00E+6","3.00E+6","3.00E+6","5.62E+6","3.85E+7","1.34E+7","4.41E+7","5.36E+7","1.11E+7","1.00E+7"
"1.11E+2","5.03E+2","5.11E+2","5.11E+2","5.11E+2","5.11E+2","5.11E+2","5.02E+2","5.02E+2","5.02E+2","5.02E+2","3.73E+2","5.07E+2","1.20E+3","1.20E+3","3.00E+2","3.00E+2","3.00E+2","3.00E+2","8.90E+1","6.35E+1","1.12E+7","1.12E+7","1.11E+7","1.11E+7","1.11E+7","1.11E+7","1.12E+7","1.12E+7","1.12E+7","1.12E+7","4.48E+6","3.00E+6","3.00E+6","3.00E+6","3.00E+6","3.00E+6","5.62E+6","3.85E+7","1.33E+7","4.41E+7","5.34E+7","1.11E+7","1.00E+7"
"1.12E+2","5.02E+2","5.10E+2","5.11E+2","5.11E+2","5.11E+2","5.11E+2","5.02E+2","5.02E+2","5.02E+2","5.02E+2","3.73E+2","5.07E+2","1.20E+3","1.20E+3","3.00E+2","3.00E+2","3.00E+2","3.00E+2","8.90E+1","6.23E+1","1.12E+7","1.11E+7","1.11E+7","1.11E+7","1.11E+7","1.11E+7","1.12E+7","1.12E+7","1.12E+7","1.12E+7","4.48E+6","3.00E+6","3.00E+6","3.00E+6","3.00E+6","3.00E+6","5.62E+6","3.85E+7","1.33E+7","4.41E+7","5.32E+7","1.10E+7","1.00E+7"
"1.13E+2","5.02E+2","5.10E+2","5.11E+2","5.11E+2","5.11E+2","5.11E+2","5.02E+2","5.02E+2","5.02E+2","5.02E+2","3.73E+2","5.07E+2","1.20E+3","1.20E+3","3.01E+2","3.01E+2","3.01E+2","3.01E+2","8.90E+1","6.10E+1","1.12E+7","1.11E+7","1.11E+7","1.11E+7","1.11E+7","1.11E+7","1.12E+7","1.12E+7","1.12E+7","1.12E+7","4.48E+6","3.00E+6","3.00E+6","3.00E+6","3.00E+6","3.00E+6","5.61E+6","3.85E+7","1.33E+7","4.41E+7","5.30E+7","1.10E+7","1.00E+7"
"1.14E+2","5.02E+2","5.10E+2","5.11E+2","5.11E+2","5.11E+2","5.11E+2","5.02E+2","5.02E+2","5.02E+2","5.02E+2","3.73E+2","5.07E+2","1.20E+3","1.20E+3","3.01E+2","3.01E+2","3.01E+2","3.01E+2","8.90E+1","5.97E+1","1.12E+7","1.11E+7","1.10E+7","1.10E+7","1.10E+7","1.10E+7","1.12E+7","1.12E+7","1.12E+7","1.12E+7","4.48E+6","3.00E+6","3.00E+6","3.00E+6","3.00E+6","3.00E+6","5.61E+6","3.85E+7","1.32E+7","4.41E+7","5.30E+7","1.10E+7","1.00E+7"
"1.15E+2","5.02E+2","5.10E+2","5.11E+2","5.11E+2","5.11E+2","5.11E+2","5.01E+2","5.01E+2","5.01E+2","5.01E+2","3.73E+2","5.07E+2","1.20E+3","1.20E+3","3.01E+2","3.01E+2","3.01E+2","3.01E+2","8.90E+1","5.83E+1","1.11E+7","1.10E+7","1.10E+7","1.10E+7","1.10E+7","1.10E+7","1.11E+7","1.11E+7","1.11E+7","1.11E+7","4.48E+6","3.00E+6","3.00E+6","3.00E+6","3.00E+6","3.00E+6","5.61E+6","3.85E+7","1.32E+7","4.41E+7","5.29E+7","1.09E+7","1.00E+7"
"1.16E+2","5.02E+2","5.10E+2","5.11E+2","5.11E+2","5.11E+2","5.11E+2","5.01E+2","5.01E+2","5.01E+2","5.01E+2","3.73E+2","5.07E+2","1.20E+3","1.20E+3","3.01E+2","3.01E+2","3.01E+2","3.01E+2","8.90E+1","5.68E+1","1.11E+7","1.10E+7","1.10E+7","1.10E+7","1.10E+7","1.10E+7","1.11E+7","1.11E+7","1.11E+7","1.11E+7","4.48E+6","3.00E+6","3.00E+6","3.00E+6","3.00E+6","3.00E+6","5.61E+6","3.85E+7","1.32E+7","4.41E+7","5.28E+7","1.09E+7","1.00E+7"
"1.17E+2","5.02E+2","5.10E+2","5.11E+2","5.11E+2","5.11E+2","5.11E+2","5.01E+2","5.01E+2","5.01E+2","5.01E+2","3.73E+2","5.07E+2","1.20E+3","1.20E+3","3.01E+2","3.01E+2","3.01E+2","3.01E+2","8.90E+1","5.53E+1","1.11E+7","1.10E+7","1.09E+7","1.09E+7","1.09E+7","1.09E+7","1.11E+7","1.11E+7","1.11E+7","1.11E+7","4.48E+6","3.00E+6","3.00E+6","3.00E+6","3.00E+6","3.00E+6","5.61E+6","3.85E+7","1.32E+7","4.41E+7","5.28E+7","1.09E+7","1.00E+7"
"1.18E+2","5.02E+2","5.10E+2","5.11E+2","5.11E+2","5.11E+2","5.11E+2","5.01E+2","5.01E+2","5.01E+2","5.01E+2","3.73E+2","5.07E+2","1.20E+3","1.20E+3","3.01E+2","3.01E+2","3.01E+2","3.01E+2","8.90E+1","5.42E+1","1.10E+7","1.10E+7","1.09E+7","1.09E+7","1.09E+7","1.09E+7","1.10E+7","1.10E+7","1.10E+7","1.10E+7","4.48E+6","3.00E+6","3.00E+6","3.00E+6","3.00E+6","3.00E+6","5.61E+6","3.85E+7","1.32E+7","4.41E+7","5.26E+7","1.09E+7","1.00E+7"
"1.19E+2","5.02E+2","5.10E+2","5.10E+2","5.10E+2","5.10E+2","5.10E+2","5.01E+2","5.01E+2","5.01E+2","5.01E+2","3.73E+2","5.07E+2","1.20E+3","1.20E+3","3.01E+2","3.01E+2","3.01E+2","3.01E+2","8.90E+1","5.29E+1","1.10E+7","1.09E+7","1.09E+7","1.09E+7","1.09E+7","1.09E+7","1.10E+7","1.10E+7","1.10E+7","1.10E+7","4.48E+6","3.00E+6","3.00E+6","3.00E+6","3.00E+6","3.00E+6","5.61E+6","3.85E+7","1.31E+7","4.41E+7","5.25E+7","1.08E+7","1.00E+7"
"1.20E+2","5.02E+2","5.10E+2","5.10E+2","5.10E+2","5.10E+2","5.10E+2","5.01E+2","5.01E+2","5.01E+2","5.01E+2","3.73E+2","5.07E+2","1.20E+3","1.20E+3","3.01E+2","3.01E+2","3.01E+2","3.01E+2","8.90E+1","5.15E+1","1.10E+7","1.09E+7","1.08E+7","1.08E+7","1.08E+7","1.08E+7","1.10E+7","1.10E+7","1.10E+7","1.10E+7","4.48E+6","3.00E+6","3.00E+6","3.00E+6","3.00E+6","3.00E+6","5.61E+6","3.85E+7","1.31E+7","4.41E+7","5.24E+7","1.08E+7","1.00E+7"
"1.21E+2","5.01E+2","5.10E+2","5.10E+2","5.10E+2","5.10E+2","5.10E+2","5.01E+2","5.01E+2","5.01E+2","5.01E+2","3.73E+2","5.07E+2","1.20E+3","1.20E+3","3.01E+2","3.01E+2","3.01E+2","3.01E+2","8.90E+1","5.01E+1","1.09E+7","1.09E+7","1.08E+7","1.08E+7","1.08E+7","1.08E+7","1.09E+7","1.09E+7","1.09E+7","1.09E+7","4.48E+6","3.00E+6","3.00E+6","3.00E+6","3.00E+6","3.00E+6","5.61E+6","3.85E+7","1.31E+7","4.41E+7","5.23E+7","1.08E+7","1.00E+7"
"1.22E+2","5.01E+2","5.09E+2","5.10E+2","5.10E+2","5.10E+2","5.10E+2","5.01E+2","5.01E+2","5.01E+2","5.01E+2","3.73E+2","5.07E+2","1.20E+3","1.20E+3","3.01E+2","3.01E+2","3.01E+2","3.01E+2","8.90E+1","4.92E+1","1.09E+7","1.08E+7","1.08E+7","1.08E+7","1.08E+7","1.08E+7","1.09E+7","1.09E+7","1.09E+7","1.09E+7","4.48E+6","3.00E+6","3.00E+6","3.00E+6","3.00E+6","3.00E+6","5.61E+6","3.85E+7","1.30E+7","4.41E+7","5.21E+7","1.07E+7","1.00E+7"
"1.23E+2","5.01E+2","5.09E+2","5.10E+2","5.10E+2","5.10E+2","5.10E+2","5.01E+2","5.01E+2","5.01E+2","5.01E+2","3.73E+2","5.07E+2","1.20E+3","1.20E+3","3.01E+2","3.01E+2","3.01E+2","3.01E+2","8.90E+1","4.79E+1","1.09E+7","1.08E+7","1.07E+7","1.07E+7","1.07E+7","1.07E+7","1.09E+7","1.09E+7","1.09E+7","1.09E+7","4.48E+6","3.00E+6","3.00E+6","3.00E+6","3.00E+6","3.00E+6","5.61E+6","3.85E+7","1.30E+7","4.41E+7","5.21E+7","1.07E+7","1.00E+7"
"1.24E+2","5.01E+2","5.09E+2","5.10E+2","5.10E+2","5.10E+2","5.10E+2","5.01E+2","5.01E+2","5.01E+2","5.01E+2","3.73E+2","5.07E+2","1.20E+3","1.20E+3","3.01E+2","3.01E+2","3.01E+2","3.01E+2","8.90E+1","4.68E+1","1.09E+7","1.08E+7","1.07E+7","1.07E+7","1.07E+7","1.07E+7","1.09E+7","1.09E+7","1.09E+7","1.09E+7","4.48E+6","3.00E+6","3.00E+6","3.00E+6","3.00E+6","3.00E+6","5.61E+6","3.85E+7","1.30E+7","4.41E+7","5.21E+7","1.07E+7","1.00E+7"
"1.25E+2","5.01E+2","5.09E+2","5.10E+2","5.10E+2","5.10E+2","5.10E+2","5.01E+2","5.01E+2","5.01E+2","5.01E+2","3.73E+2","5.07E+2","1.20E+3","1.20E+3","3.01E+2","3.01E+2","3.01E+2","3.01E+2","8.90E+1","4.58E+1","1.08E+7","1.07E+7","1.07E+7","1.07E+7","1.07E+7","1.07E+7","1.08E+7","1.08E+7","1.08E+7","1.08E+7","4.48E+6","3.00E+6","3.00E+6","3.00E+6","3.00E+6","3.00E+6","5.61E+6","3.85E+7","1.30E+7","4.41E+7","5.21E+7","1.07E+7","1.00E+7"
"1.26E+2","5.01E+2","5.09E+2","5.10E+2","5.10E+2","5.10E+2","5.10E+2","5.00E+2","5.00E+2","5.00E+2","5.00E+2","3.73E+2","5.07E+2","1.20E+3","1.20E+3","3.01E+2","3.01E+2","3.01E+2","3.01E+2","8.90E+1","4.58E+1","1.08E+7","1.07E+7","1.07E+7","1.07E+7","1.07E+7","1.07E+7","1.08E+7","1.08E+7","1.08E+7","1.08E+7","4.48E+6","3.00E+6","3.00E+6","3.00E+6","3.00E+6","3.00E+6","5.61E+6","3.85E+7","1.30E+7","4.41E+7","5.20E+7","1.06E+7","1.00E+7"
"1.27E+2","5.01E+2","5.09E+2","5.10E+2","5.10E+2","5.10E+2","5.10E+2","5.00E+2","5.00E+2","5.00E+2","5.00E+2","3.73E+2","5.07E+2","1.20E+3","1.20E+3","3.01E+2","3.01E+2","3.01E+2","3.01E+2","8.90E+1","4.59E+1","1.08E+7","1.07E+7","1.06E+7","1.06E+7","1.06E+7","1.06E+7","1.08E+7","1.08E+7","1.08E+7","1.08E+7","4.48E+6","3.00E+6","3.00E+6","3.00E+6","3.00E+6","3.00E+6","5.61E+6","3.85E+7","1.30E+7","4.41E+7","5.20E+7","1.06E+7","1.00E+7"
"1.28E+2","5.01E+2","5.09E+2","5.09E+2","5.09E+2","5.09E+2","5.09E+2","5.00E+2","5.00E+2","5.00E+2","5.00E+2","3.73E+2","5.07E+2","1.20E+3","1.20E+3","3.01E+2","3.01E+2","3.01E+2","3.01E+2","8.90E+1","4.61E+1","1.07E+7","1.07E+7","1.06E+7","1.06E+7","1.06E+7","1.06E+7","1.07E+7","1.07E+7","1.07E+7","1.07E+7","4.48E+6","3.00E+6","3.00E+6","3.00E+6","3.00E+6","3.00E+6","5.61E+6","3.85E+7","1.30E+7","4.41E+7","5.19E+7","1.06E+7","1.00E+7"
"1.29E+2","5.01E+2","5.09E+2","5.09E+2","5.09E+2","5.09E+2","5.09E+2","5.00E+2","5.00E+2","5.00E+2","5.00E+2","3.73E+2","5.07E+2","1.20E+3","1.20E+3","3.01E+2","3.01E+2","3.01E+2","3.01E+2","8.90E+1","4.62E+1","1.07E+7","1.06E+7","1.06E+7","1.06E+7","1.06E+7","1.06E+7","1.07E+7","1.07E+7","1.07E+7","1.07E+7","4.48E+6","3.00E+6","3.00E+6","3.00E+6","3.00E+6","3.00E+6","5.61E+6","3.85E+7","1.30E+7","4.41E+7","5.19E+7","1.05E+7","1.00E+7"
"1.30E+2","5.01E+2","5.09E+2","5.09E+2","5.09E+2","5.09E+2","5.09E+2","5.00E+2","5.00E+2","5.00E+2","5.00E+2","3.73E+2","5.07E+2","1.20E+3","1.21E+3","3.01E+2","3.01E+2","3.01E+2","3.01E+2","8.90E+1","4.63E+1","1.07E+7","1.06E+7","1.06E+7","1.06E+7","1.06E+7","1.06E+7","1.07E+7","1.07E+7","1.07E+7","1.07E+7","4.48E+6","3.00E+6","3.00E+6","3.00E+6","3.00E+6","3.00E+6","5.61E+6","3.85E+7","1.30E+7","4.41E+7","5.18E+7","1.05E+7","9.95E+6"
"1.31E+2","5.01E+2","5.09E+2","5.09E+2","5.09E+2","5.09E+2","5.09E+2","5.00E+2","5.00E+2","5.00E+2","5.00E+2","3.73E+2","5.07E+2","1.20E+3","1.20E+3","3.01E+2","3.01E+2","3.01E+2","3.01E+2","8.90E+1","4.64E+1","1.07E+7","1.06E+7","1.05E+7","1.05E+7","1.05E+7","1.05E+7","1.07E+7","1.07E+7","1.07E+7","1.07E+7","4.48E+6","3.00E+6","3.00E+6","3.00E+6","3.00E+6","3.00E+6","5.61E+6","3.85E+7","1.29E+7","4.41E+7","5.18E+7","1.05E+7","9.98E+6"
"1.32E+2","5.00E+2","5.08E+2","5.09E+2","5.09E+2","5.09E+2","5.09E+2","5.00E+2","5.00E+2","5.00E+2","5.00E+2","3.73E+2","5.07E+2","1.20E+3","1.20E+3","3.01E+2","3.01E+2","3.01E+2","3.01E+2","8.90E+1","4.65E+1","1.06E+7","1.06E+7","1.05E+7","1.05E+7","1.05E+7","1.05E+7","1.06E+7","1.06E+7","1.06E+7","1.06E+7","4.48E+6","3.00E+6","3.00E+6","3.00E+6","3.00E+6","3.00E+6","5.61E+6","3.85E+7","1.29E+7","4.41E+7","5.17E+7","1.05E+7","9.68E+6"
"1.33E+2","5.00E+2","5.08E+2","5.09E+2","5.09E+2","5.09E+2","5.09E+2","5.00E+2","5.00E+2","5.00E+2","5.00E+2","3.73E+2","5.07E+2","1.20E+3","1.20E+3","3.01E+2","3.01E+2","3.01E+2","3.01E+2","8.90E+1","4.66E+1","1.06E+7","1.05E+7","1.05E+7","1.05E+7","1.05E+7","1.05E+7","1.06E+7","1.06E+7","1.06E+7","1.06E+7","4.48E+6","3.00E+6","3.00E+6","3.00E+6","3.00E+6","3.00E+6","5.61E+6","3.85E+7","1.29E+7","4.41E+7","5.16E+7","1.04E+7","1.01E+7"
"1.34E+2","5.00E+2","5.08E+2","5.09E+2","5.09E+2","5.09E+2","5.09E+2","5.00E+2","5.00E+2","5.00E+2","5.00E+2","3.73E+2","5.07E+2","1.20E+3","1.20E+3","3.01E+2","3.01E+2","3.01E+2","3.01E+2","8.90E+1","4.67E+1","1.06E+7","1.05E+7","1.04E+7","1.04E+7","1.04E+7","1.04E+7","1.06E+7","1.06E+7","1.06E+7","1.06E+7","4.48E+6","3.00E+6","3.00E+6","3.00E+6","3.00E+6","3.00E+6","5.61E+6","3.85E+7","1.29E+7","4.41E+7","5.16E+7","1.04E+7","9.83E+6"
"1.35E+2","5.00E+2","5.08E+2","5.09E+2","5.09E+2","5.09E+2","5.09E+2","5.00E+2","5.00E+2","5.00E+2","5.00E+2","3.73E+2","5.07E+2","1.20E+3","1.21E+3","3.01E+2","3.01E+2","3.01E+2","3.01E+2","8.90E+1","4.68E+1","1.06E+7","1.05E+7","1.04E+7","1.04E+7","1.04E+7","1.04E+7","1.06E+7","1.06E+7","1.06E+7","1.06E+7","4.48E+6","3.00E+6","3.00E+6","3.00E+6","3.00E+6","3.00E+6","5.61E+6","3.85E+7","1.29E+7","4.41E+7","5.15E+7","1.04E+7","9.99E+6"
"1.36E+2","5.00E+2","5.08E+2","5.09E+2","5.09E+2","5.09E+2","5.09E+2","5.00E+2","5.00E+2","5.00E+2","5.00E+2","3.73E+2","5.07E+2","1.20E+3","1.21E+3","3.01E+2","3.01E+2","3.01E+2","3.01E+2","8.90E+1","4.69E+1","1.05E+7","1.04E+7","1.04E+7","1.04E+7","1.04E+7","1.04E+7","1.05E+7","1.05E+7","1.05E+7","1.05E+7","4.48E+6","3.00E+6","3.00E+6","3.00E+6","3.00E+6","3.00E+6","5.61E+6","3.85E+7","1.29E+7","4.41E+7","5.15E+7","1.04E+7","1.00E+7"
"1.37E+2","5.00E+2","5.08E+2","5.09E+2","5.09E+2","5.09E+2","5.09E+2","4.99E+2","4.99E+2","4.99E+2","4.99E+2","3.73E+2","5.07E+2","1.20E+3","1.21E+3","3.01E+2","3.01E+2","3.01E+2","3.01E+2","8.90E+1","4.70E+1","1.05E+7","1.04E+7","1.04E+7","1.04E+7","1.04E+7","1.04E+7","1.05E+7","1.05E+7","1.05E+7","1.05E+7","4.48E+6","3.00E+6","3.00E+6","3.00E+6","3.00E+6","3.00E+6","5.61E+6","3.85E+7","1.29E+7","4.41E+7","5.15E+7","1.03E+7","1.00E+7"
"1.38E+2","5.00E+2","5.08E+2","5.09E+2","5.09E+2","5.09E+2","5.09E+2","4.99E+2","4.99E+2","4.99E+2","4.99E+2","3.73E+2","5.06E+2","1.20E+3","1.21E+3","3.01E+2","3.01E+2","3.01E+2","3.01E+2","8.90E+1","4.70E+1","1.05E+7","1.04E+7","1.03E+7","1.03E+7","1.03E+7","1.03E+7","1.05E+7","1.05E+7","1.05E+7","1.05E+7","4.48E+6","3.00E+6","3.00E+6","3.00E+6","3.00E+6","3.00E+6","5.61E+6","3.85E+7","1.29E+7","4.41E+7","5.14E+7","1.03E+7","1.00E+7"
"1.39E+2","5.00E+2","5.08E+2","5.08E+2","5.08E+2","5.08E+2","5.08E+2","4.99E+2","4.99E+2","4.99E+2","4.99E+2","3.73E+2","5.06E+2","1.20E+3","1.21E+3","3.01E+2","3.01E+2","3.01E+2","3.01E+2","8.90E+1","4.71E+1","1.05E+7","1.04E+7","1.03E+7","1.03E+7","1.03E+7","1.03E+7","1.04E+7","1.04E+7","1.04E+7","1.04E+7","4.48E+6","3.00E+6","3.00E+6","3.00E+6","3.00E+6","3.00E+6","5.61E+6","3.85E+7","1.28E+7","4.41E+7","5.14E+7","1.03E+7","1.00E+7"
"1.40E+2","5.00E+2","5.08E+2","5.08E+2","5.08E+2","5.08E+2","5.08E+2","4.99E+2","4.99E+2","4.99E+2","4.99E+2","3.73E+2","5.06E+2","1.20E+3","1.21E+3","3.01E+2","3.01E+2","3.01E+2","3.01E+2","8.90E+1","4.72E+1","1.04E+7","1.03E+7","1.03E+7","1.03E+7","1.03E+7","1.03E+7","1.04E+7","1.04E+7","1.04E+7","1.04E+7","4.48E+6","3.00E+6","3.00E+6","3.00E+6","3.00E+6","3.00E+6","5.61E+6","3.85E+7","1.28E+7","4.41E+7","5.13E+7","1.02E+7","1.00E+7"
"1.41E+2","5.00E+2","5.08E+2","5.08E+2","5.08E+2","5.08E+2","5.08E+2","4.99E+2","4.99E+2","4.99E+2","4.99E+2","3.73E+2","5.06E+2","1.20E+3","1.21E+3","3.02E+2","3.02E+2","3.02E+2","3.02E+2","8.90E+1","4.73E+1","1.04E+7","1.03E+7","1.03E+7","1.03E+7","1.03E+7","1.03E+7","1.04E+7","1.04E+7","1.04E+7","1.04E+7","4.48E+6","3.00E+6","3.00E+6","3.00E+6","3.00E+6","3.00E+6","5.61E+6","3.85E+7","1.28E+7","4.41E+7","5.13E+7","1.02E+7","1.00E+7"
"1.42E+2","5.00E+2","5.08E+2","5.08E+2","5.08E+2","5.08E+2","5.08E+2","4.99E+2","4.99E+2","4.99E+2","4.99E+2","3.73E+2","5.06E+2","1.20E+3","1.21E+3","3.02E+2","3.02E+2","3.02E+2","3.02E+2","8.90E+1","4.73E+1","1.04E+7","1.03E+7","1.02E+7","1.02E+7","1.02E+7","1.02E+7","1.04E+7","1.04E+7","1.04E+7","1.04E+7","4.48E+6","3.00E+6","3.00E+6","3.00E+6","3.00E+6","3.00E+6","5.61E+6","3.85E+7","1.28E+7","4.41E+7","5.13E+7","1.02E+7","1.00E+7"
"1.43E+2","4.99E+2","5.07E+2","5.08E+2","5.08E+2","5.08E+2","5.08E+2","4.99E+2","4.99E+2","4.99E+2","4.99E+2","3.73E+2","5.06E+2","1.21E+3","1.21E+3","3.02E+2","3.02E+2","3.02E+2","3.02E+2","8.90E+1","4.74E+1","1.03E+7","1.03E+7","1.02E+7","1.02E+7","1.02E+7","1.02E+7","1.03E+7","1.03E+7","1.03E+7","1.03E+7","4.48E+6","3.00E+6","3.00E+6","3.00E+6","3.00E+6","3.00E+6","5.61E+6","3.85E+7","1.28E+7","4.41E+7","5.12E+7","1.02E+7","1.00E+7"
"1.44E+2","4.99E+2","5.07E+2","5.08E+2","5.08E+2","5.08E+2","5.08E+2","4.99E+2","4.99E+2","4.99E+2","4.99E+2","3.73E+2","5.06E+2","1.20E+3","1.21E+3","3.02E+2","3.02E+2","3.02E+2","3.02E+2","8.90E+1","4.74E+1","1.03E+7","1.03E+7","1.02E+7","1.02E+7","1.02E+7","1.02E+7","1.03E+7","1.03E+7","1.03E+7","1.03E+7","4.48E+6","3.00E+6","3.00E+6","3.00E+6","3.00E+6","3.00E+6","5.61E+6","3.84E+7","1.28E+7","4.41E+7","5.12E+7","1.02E+7","1.00E+7"
"1.45E+2","4.99E+2","5.07E+2","5.08E+2","5.08E+2","5.08E+2","5.08E+2","4.99E+2","4.99E+2","4.99E+2","4.99E+2","3.73E+2","5.06E+2","1.21E+3","1.21E+3","3.01E+2","3.01E+2","3.01E+2","3.01E+2","8.90E+1","4.74E+1","1.03E+7","1.02E+7","1.02E+7","1.02E+7","1.02E+7","1.02E+7","1.03E+7","1.03E+7","1.03E+7","1.03E+7","4.48E+6","3.00E+6","3.00E+6","3.00E+6","3.00E+6","3.00E+6","5.61E+6","3.85E+7","1.28E+7","4.41E+7","5.12E+7","1.01E+7","1.01E+7"
"1.46E+2","4.99E+2","5.07E+2","5.08E+2","5.08E+2","5.08E+2","5.08E+2","4.99E+2","4.99E+2","4.99E+2","4.99E+2","3.73E+2","5.06E+2","1.21E+3","1.21E+3","3.02E+2","3.02E+2","3.02E+2","3.02E+2","8.90E+1","4.75E+1","1.03E+7","1.02E+7","1.01E+7","1.01E+7","1.01E+7","1.01E+7","1.03E+7","1.03E+7","1.03E+7","1.03E+7","4.48E+6","3.00E+6","3.00E+6","3.00E+6","3.00E+6","3.00E+6","5.61E+6","3.85E+7","1.28E+7","4.41E+7","5.11E+7","1.01E+7","1.00E+7"
"1.47E+2","4.99E+2","5.07E+2","5.08E+2","5.08E+2","5.08E+2","5.08E+2","4.99E+2","4.99E+2","4.99E+2","4.99E+2","3.73E+2","5.06E+2","1.21E+3","1.21E+3","3.02E+2","3.02E+2","3.02E+2","3.02E+2","8.90E+1","4.75E+1","1.03E+7","1.02E+7","1.01E+7","1.01E+7","1.01E+7","1.01E+7","1.03E+7","1.03E+7","1.03E+7","1.03E+7","4.48E+6","3.00E+6","3.00E+6","3.00E+6","3.00E+6","3.00E+6","5.61E+6","3.85E+7","1.28E+7","4.41E+7","5.11E+7","1.01E+7","1.00E+7"
"1.48E+2","4.99E+2","5.07E+2","5.08E+2","5.08E+2","5.08E+2","5.08E+2","4.99E+2","4.99E+2","4.99E+2","4.99E+2","3.73E+2","5.06E+2","1.21E+3","1.21E+3","3.02E+2","3.02E+2","3.02E+2","3.02E+2","8.90E+1","4.75E+1","1.02E+7","1.01E+7","1.01E+7","1.01E+7","1.01E+7","1.01E+7","1.02E+7","1.02E+7","1.02E+7","1.02E+7","4.48E+6","3.00E+6","3.00E+6","3.00E+6","3.00E+6","3.00E+6","5.61E+6","3.85E+7","1.28E+7","4.41E+7","5.10E+7","1.00E+7","9.96E+6"
"1.49E+2","4.99E+2","5.07E+2","5.08E+2","5.08E+2","5.08E+2","5.08E+2","4.98E+2","4.98E+2","4.98E+2","4.98E+2","3.73E+2","5.05E+2","1.21E+3","1.21E+3","3.02E+2","3.02E+2","3.02E+2","3.02E+2","8.90E+1","4.75E+1","1.02E+7","1.01E+7","1.01E+7","1.01E+7","1.01E+7","1.01E+7","1.02E+7","1.02E+7","1.02E+7","1.02E+7","4.48E+6","3.00E+6","3.00E+6","3.00E+6","3.00E+6","3.00E+6","5.61E+6","3.85E+7","1.28E+7","4.41E+7","5.10E+7","1.00E+7","1.00E+7"
"1.50E+2","4.99E+2","5.07E+2","5.07E+2","5.07E+2","5.07E+2","5.07E+2","4.98E+2","4.98E+2","4.98E+2","4.98E+2","3.73E+2","5.05E+2","1.21E+3","1.21E+3","3.02E+2","3.02E+2","3.02E+2","3.02E+2","8.90E+1","4.75E+1","1.02E+7","1.01E+7","1.00E+7","1.00E+7","1.00E+7","1.00E+7","1.02E+7","1.02E+7","1.02E+7","1.02E+7","4.48E+6","3.00E+6","3.00E+6","3.00E+6","3.00E+6","3.00E+6","5.61E+6","3.85E+7","1.27E+7","4.41E+7","5.10E+7","1.00E+7","1.00E+7"
"1.51E+2","4.99E+2","5.07E+2","5.07E+2","5.07E+2","5.07E+2","5.07E+2","4.98E+2","4.98E+2","4.98E+2","4.98E+2","3.73E+2","5.05E+2","1.21E+3","1.21E+3","3.02E+2","3.02E+2","3.02E+2","3.02E+2","8.90E+1","4.75E+1","1.02E+7","1.01E+7","1.00E+7","1.00E+7","1.00E+7","1.00E+7","1.02E+7","1.02E+7","1.02E+7","1.02E+7","4.48E+6","3.00E+6","3.00E+6","3.00E+6","3.00E+6","3.00E+6","5.61E+6","3.85E+7","1.27E+7","4.41E+7","5.10E+7","9.97E+6","1.00E+7"
"1.52E+2","4.99E+2","5.07E+2","5.07E+2","5.07E+2","5.07E+2","5.07E+2","4.98E+2","4.98E+2","4.98E+2","4.98E+2","3.73E+2","5.05E+2","1.21E+3","1.21E+3","3.02E+2","3.02E+2","3.02E+2","3.02E+2","8.90E+1","4.75E+1","1.01E+7","1.00E+7","9.98E+6","9.98E+6","9.98E+6","9.98E+6","1.01E+7","1.01E+7","1.01E+7","1.01E+7","4.48E+6","3.00E+6","3.00E+6","3.00E+6","3.00E+6","3.00E+6","5.61E+6","3.85E+7","1.27E+7","4.41E+7","5.09E+7","9.95E+6","1.00E+7"
"1.53E+2","4.99E+2","5.07E+2","5.07E+2","5.07E+2","5.07E+2","5.07E+2","4.98E+2","4.98E+2","4.98E+2","4.98E+2","3.73E+2","5.05E+2","1.21E+3","1.21E+3","3.02E+2","3.02E+2","3.02E+2","3.02E+2","8.90E+1","4.75E+1","1.01E+7","1.00E+7","9.96E+6","9.96E+6","9.96E+6","9.96E+6","1.01E+7","1.01E+7","1.01E+7","1.01E+7","4.48E+6","3.00E+6","3.00E+6","3.00E+6","3.00E+6","3.00E+6","5.61E+6","3.85E+7","1.27E+7","4.41E+7","5.09E+7","9.93E+6","1.00E+7"
"1.54E+2","4.99E+2","5.07E+2","5.07E+2","5.07E+2","5.07E+2","5.07E+2","4.98E+2","4.98E+2","4.98E+2","4.98E+2","3.73E+2","5.05E+2","1.21E+3","1.21E+3","3.02E+2","3.02E+2","3.02E+2","3.02E+2","8.90E+1","4.74E+1","1.01E+7","9.99E+6","9.94E+6","9.94E+6","9.94E+6","9.94E+6","1.01E+7","1.01E+7","1.01E+7","1.01E+7","4.48E+6","3.00E+6","3.00E+6","3.00E+6","3.00E+6","3.00E+6","5.61E+6","3.85E+7","1.27E+7","4.41E+7","5.08E+7","9.90E+6","1.00E+7"
"1.55E+2","4.98E+2","5.06E+2","5.07E+2","5.07E+2","5.07E+2","5.07E+2","4.98E+2","4.98E+2","4.98E+2","4.98E+2","3.73E+2","5.05E+2","1.21E+3","1.21E+3","3.02E+2","3.02E+2","3.02E+2","3.02E+2","8.90E+1","4.74E+1","1.01E+7","9.97E+6","9.91E+6","9.91E+6","9.91E+6","9.91E+6","1.00E+7","1.00E+7","1.00E+7","1.00E+7","4.48E+6","3.00E+6","3.00E+6","3.00E+6","3.00E+6","3.00E+6","5.61E+6","3.85E+7","1.27E+7","4.41E+7","5.08E+7","9.88E+6","1.00E+7"
"1.56E+2","4.98E+2","5.06E+2","5.07E+2","5.07E+2","5.07E+2","5.07E+2","4.98E+2","4.98E+2","4.98E+2","4.98E+2","3.73E+2","5.05E+2","1.21E+3","1.21E+3","3.02E+2","3.02E+2","3.02E+2","3.02E+2","8.90E+1","4.74E+1","1.00E+7","9.95E+6","9.89E+6","9.89E+6","9.89E+6","9.89E+6","1.00E+7","1.00E+7","1.00E+7","1.00E+7","4.48E+6","3.00E+6","3.00E+6","3.00E+6","3.00E+6","3.00E+6","5.61E+6","3.85E+7","1.27E+7","4.41E+7","5.08E+7","9.85E+6","1.00E+7"
"1.57E+2","4.98E+2","5.06E+2","5.07E+2","5.07E+2","5.07E+2","5.07E+2","4.98E+2","4.98E+2","4.98E+2","4.98E+2","3.73E+2","5.05E+2","1.21E+3","1.21E+3","3.02E+2","3.02E+2","3.02E+2","3.02E+2","8.90E+1","4.74E+1","1.00E+7","9.92E+6","9.86E+6","9.86E+6","9.86E+6","9.86E+6","1.00E+7","1.00E+7","1.00E+7","1.00E+7","4.48E+6","3.00E+6","3.00E+6","3.00E+6","3.00E+6","3.00E+6","5.61E+6","3.85E+7","1.27E+7","4.41E+7","5.07E+7","9.83E+6","1.00E+7"
"1.58E+2","4.98E+2","5.06E+2","5.07E+2","5.07E+2","5.07E+2","5.07E+2","4.98E+2","4.98E+2","4.98E+2","4.98E+2","3.73E+2","5.05E+2","1.21E+3","1.21E+3","3.02E+2","3.02E+2","3.02E+2","3.02E+2","8.90E+1","4.73E+1","9.98E+6","9.90E+6","9.84E+6","9.84E+6","9.84E+6","9.84E+6","9.98E+6","9.98E+6","9.98E+6","9.98E+6","4.48E+6","3.00E+6","3.00E+6","3.00E+6","3.00E+6","3.00E+6","5.61E+6","3.85E+7","1.27E+7","4.41E+7","5.07E+7","9.81E+6","1.00E+7"
"1.59E+2","4.98E+2","5.06E+2","5.07E+2","5.07E+2","5.07E+2","5.07E+2","4.98E+2","4.98E+2","4.98E+2","4.98E+2","3.73E+2","5.05E+2","1.21E+3","1.21E+3","3.02E+2","3.02E+2","3.02E+2","3.02E+2","8.90E+1","4.72E+1","9.96E+6","9.88E+6","9.82E+6","9.82E+6","9.82E+6","9.82E+6","9.96E+6","9.96E+6","9.96E+6","9.96E+6","4.48E+6","3.00E+6","3.00E+6","3.00E+6","3.00E+6","3.00E+6","5.61E+6","3.85E+7","1.27E+7","4.41E+7","5.07E+7","9.78E+6","1.00E+7"
"1.60E+2","4.98E+2","5.06E+2","5.07E+2","5.07E+2","5.07E+2","5.07E+2","4.98E+2","4.98E+2","4.98E+2","4.98E+2","3.73E+2","5.05E+2","1.21E+3","1.21E+3","3.02E+2","3.02E+2","3.02E+2","3.02E+2","8.90E+1","4.70E+1","9.94E+6","9.85E+6","9.79E+6","9.79E+6","9.79E+6","9.79E+6","9.93E+6","9.93E+6","9.93E+6","9.93E+6","4.48E+6","3.00E+6","3.00E+6","3.00E+6","3.00E+6","3.00E+6","5.61E+6","3.85E+7","1.27E+7","4.41E+7","5.06E+7","9.76E+6","1.00E+7"
"1.61E+2","4.98E+2","5.06E+2","5.06E+2","5.06E+2","5.06E+2","5.06E+2","4.97E+2","4.97E+2","4.97E+2","4.97E+2","3.73E+2","5.04E+2","1.21E+3","1.21E+3","3.02E+2","3.02E+2","3.02E+2","3.02E+2","8.90E+1","4.68E+1","9.91E+6","9.83E+6","9.77E+6","9.77E+6","9.77E+6","9.77E+6","9.91E+6","9.91E+6","9.91E+6","9.91E+6","4.48E+6","3.00E+6","3.00E+6","3.00E+6","3.00E+6","3.00E+6","5.61E+6","3.85E+7","1.27E+7","4.41E+7","5.06E+7","9.74E+6","1.00E+7"
"1.62E+2","4.98E+2","5.06E+2","5.06E+2","5.06E+2","5.06E+2","5.06E+2","4.97E+2","4.97E+2","4.97E+2","4.97E+2","3.73E+2","5.04E+2","1.21E+3","1.21E+3","3.02E+2","3.02E+2","3.02E+2","3.02E+2","8.90E+1","4.66E+1","9.89E+6","9.81E+6","9.75E+6","9.75E+6","9.75E+6","9.75E+6","9.89E+6","9.89E+6","9.89E+6","9.89E+6","4.48E+6","3.00E+6","3.00E+6","3.00E+6","3.00E+6","3.00E+6","5.61E+6","3.85E+7","1.26E+7","4.41E+7","5.06E+7","9.71E+6","1.00E+7"
"1.63E+2","4.98E+2","5.06E+2","5.06E+2","5.06E+2","5.06E+2","5.06E+2","4.97E+2","4.97E+2","4.97E+2","4.97E+2","3.73E+2","5.04E+2","1.21E+3","1.21E+3","3.02E+2","3.02E+2","3.02E+2","3.02E+2","8.90E+1","4.64E+1","9.87E+6","9.78E+6","9.72E+6","9.72E+6","9.72E+6","9.72E+6","9.86E+6","9.86E+6","9.86E+6","9.86E+6","4.48E+6","3.00E+6","3.00E+6","3.00E+6","3.00E+6","3.00E+6","5.61E+6","3.85E+7","1.26E+7","4.41E+7","5.05E+7","9.69E+6","1.00E+7"
"1.64E+2","4.98E+2","5.06E+2","5.06E+2","5.06E+2","5.06E+2","5.06E+2","4.97E+2","4.97E+2","4.97E+2","4.97E+2","3.73E+2","5.04E+2","1.21E+3","1.21E+3","3.02E+2","3.02E+2","3.02E+2","3.02E+2","8.90E+1","4.61E+1","9.84E+6","9.76E+6","9.70E+6","9.70E+6","9.70E+6","9.70E+6","9.84E+6","9.84E+6","9.84E+6","9.84E+6","4.48E+6","3.00E+6","3.00E+6","3.00E+6","3.00E+6","3.00E+6","5.61E+6","3.85E+7","1.26E+7","4.41E+7","5.05E+7","9.67E+6","1.00E+7"
"1.65E+2","4.98E+2","5.06E+2","5.06E+2","5.06E+2","5.06E+2","5.06E+2","4.97E+2","4.97E+2","4.97E+2","4.97E+2","3.73E+2","5.04E+2","1.21E+3","1.21E+3","3.02E+2","3.02E+2","3.02E+2","3.02E+2","8.90E+1","4.56E+1","9.82E+6","9.74E+6","9.68E+6","9.68E+6","9.68E+6","9.68E+6","9.82E+6","9.82E+6","9.82E+6","9.82E+6","4.48E+6","3.00E+6","3.00E+6","3.00E+6","3.00E+6","3.00E+6","5.61E+6","3.85E+7","1.26E+7","4.41E+7","5.05E+7","9.65E+6","1.00E+7"
"1.66E+2","4.98E+2","5.06E+2","5.06E+2","5.06E+2","5.06E+2","5.06E+2","4.97E+2","4.97E+2","4.97E+2","4.97E+2","3.73E+2","5.04E+2","1.21E+3","1.21E+3","3.02E+2","3.02E+2","3.02E+2","3.02E+2","8.90E+1","4.49E+1","9.80E+6","9.72E+6","9.66E+6","9.66E+6","9.66E+6","9.66E+6","9.80E+6","9.80E+6","9.80E+6","9.80E+6","4.48E+6","3.00E+6","3.00E+6","3.00E+6","3.00E+6","3.00E+6","5.61E+6","3.85E+7","1.26E+7","4.41E+7","5.04E+7","9.62E+6","1.00E+7"
"1.67E+2","4.98E+2","5.05E+2","5.06E+2","5.06E+2","5.06E+2","5.06E+2","4.97E+2","4.97E+2","4.97E+2","4.97E+2","3.73E+2","5.04E+2","1.21E+3","1.21E+3","3.02E+2","3.02E+2","3.02E+2","3.02E+2","8.90E+1","4.40E+1","9.78E+6","9.69E+6","9.63E+6","9.63E+6","9.63E+6","9.63E+6","9.77E+6","9.77E+6","9.77E+6","9.77E+6","4.48E+6","3.00E+6","3.00E+6","3.00E+6","3.00E+6","3.00E+6","5.61E+6","3.85E+7","1.26E+7","4.41E+7","5.04E+7","9.60E+6","1.00E+7"
"1.68E+2","4.97E+2","5.05E+2","5.06E+2","5.06E+2","5.06E+2","5.06E+2","4.97E+2","4.97E+2","4.97E+2","4.97E+2","3.73E+2","5.04E+2","1.21E+3","1.21E+3","3.02E+2","3.02E+2","3.02E+2","3.02E+2","8.90E+1","4.27E+1","9.75E+6","9.67E+6","9.61E+6","9.61E+6","9.61E+6","9.61E+6","9.75E+6","9.75E+6","9.75E+6","9.75E+6","4.48E+6","3.00E+6","3.00E+6","3.00E+6","3.00E+6","3.00E+6","5.61E+6","3.85E+7","1.26E+7","4.41E+7","5.04E+7","9.58E+6","1.00E+7"
"1.69E+2","4.97E+2","5.05E+2","5.06E+2","5.06E+2","5.06E+2","5.06E+2","4.97E+2","4.97E+2","4.97E+2","4.97E+2","3.73E+2","5.04E+2","1.21E+3","1.21E+3","3.02E+2","3.02E+2","3.02E+2","3.02E+2","8.90E+1","4.13E+1","9.73E+6","9.65E+6","9.59E+6","9.59E+6","9.59E+6","9.59E+6","9.73E+6","9.73E+6","9.73E+6","9.73E+6","4.48E+6","3.00E+6","3.00E+6","3.00E+6","3.00E+6","3.00E+6","5.61E+6","3.85E+7","1.26E+7","4.41E+7","5.04E+7","9.56E+6","1.00E+7"
"1.70E+2","4.97E+2","5.05E+2","5.06E+2","5.06E+2","5.06E+2","5.06E+2","4.97E+2","4.97E+2","4.97E+2","4.97E+2","3.73E+2","5.04E+2","1.21E+3","1.21E+3","3.02E+2","3.02E+2","3.02E+2","3.02E+2","8.90E+1","3.99E+1","9.71E+6","9.63E+6","9.57E+6","9.57E+6","9.57E+6","9.57E+6","9.71E+6","9.71E+6","9.71E+6","9.71E+6","4.48E+6","3.00E+6","3.00E+6","3.00E+6","3.00E+6","3.00E+6","5.61E+6","3.85E+7","1.26E+7","4.41E+7","5.03E+7","9.54E+6","1.00E+7"
"1.71E+2","4.97E+2","5.05E+2","5.06E+2","5.06E+2","5.06E+2","5.06E+2","4.97E+2","4.97E+2","4.97E+2","4.97E+2","3.73E+2","5.04E+2","1.21E+3","1.21E+3","3.02E+2","3.02E+2","3.02E+2","3.02E+2","8.90E+1","3.81E+1","9.69E+6","9.61E+6","9.55E+6","9.55E+6","9.55E+6","9.55E+6","9.69E+6","9.69E+6","9.69E+6","9.69E+6","4.48E+6","3.00E+6","3.00E+6","3.00E+6","3.00E+6","3.00E+6","5.61E+6","3.85E+7","1.26E+7","4.41E+7","5.03E+7","9.52E+6","1.00E+7"
"1.72E+2","4.97E+2","5.05E+2","5.06E+2","5.06E+2","5.06E+2","5.06E+2","4.97E+2","4.97E+2","4.97E+2","4.97E+2","3.73E+2","5.04E+2","1.21E+3","1.21E+3","3.02E+2","3.02E+2","3.02E+2","3.02E+2","8.90E+1","3.58E+1","9.67E+6","9.59E+6","9.53E+6","9.53E+6","9.53E+6","9.53E+6","9.67E+6","9.67E+6","9.67E+6","9.67E+6","4.48E+6","3.00E+6","3.00E+6","3.00E+6","3.00E+6","3.00E+6","5.61E+6","3.85E+7","1.26E+7","4.41E+7","5.03E+7","9.49E+6","1.00E+7"
"1.73E+2","4.97E+2","5.05E+2","5.06E+2","5.06E+2","5.06E+2","5.06E+2","4.97E+2","4.97E+2","4.97E+2","4.97E+2","3.73E+2","5.04E+2","1.21E+3","1.21E+3","3.02E+2","3.02E+2","3.02E+2","3.02E+2","8.90E+1","3.53E+1","9.65E+6","9.57E+6","9.51E+6","9.51E+6","9.51E+6","9.51E+6","9.64E+6","9.64E+6","9.64E+6","9.64E+6","4.48E+6","3.00E+6","3.00E+6","3.00E+6","3.00E+6","3.00E+6","5.61E+6","3.85E+7","1.26E+7","4.41E+7","5.02E+7","9.47E+6","1.00E+7"
"1.74E+2","4.97E+2","5.05E+2","5.05E+2","5.05E+2","5.05E+2","5.05E+2","4.97E+2","4.97E+2","4.97E+2","4.97E+2","3.73E+2","5.03E+2","1.21E+3","1.21E+3","3.03E+2","3.03E+2","3.03E+2","3.03E+2","8.90E+1","3.53E+1","9.63E+6","9.54E+6","9.48E+6","9.48E+6","9.48E+6","9.48E+6","9.62E+6","9.62E+6","9.62E+6","9.62E+6","4.48E+6","3.00E+6","3.00E+6","3.00E+6","3.00E+6","3.00E+6","5.61E+6","3.85E+7","1.25E+7","4.41E+7","5.02E+7","9.45E+6","1.00E+7"
"1.75E+2","4.97E+2","5.05E+2","5.05E+2","5.05E+2","5.05E+2","5.05E+2","4.96E+2","4.96E+2","4.96E+2","4.96E+2","3.73E+2","5.03E+2","1.21E+3","1.21E+3","3.03E+2","3.03E+2","3.03E+2","3.03E+2","8.90E+1","3.80E+1","9.60E+6","9.52E+6","9.46E+6","9.46E+6","9.46E+6","9.46E+6","9.60E+6","9.60E+6","9.60E+6","9.60E+6","4.48E+6","3.00E+6","3.00E+6","3.00E+6","3.00E+6","3.00E+6","5.61E+6","3.85E+7","1.25E+7","4.41E+7","5.02E+7","9.43E+6","1.00E+7"
"1.76E+2","4.97E+2","5.05E+2","5.05E+2","5.05E+2","5.05E+2","5.05E+2","4.96E+2","4.96E+2","4.96E+2","4.96E+2","3.73E+2","5.03E+2","1.21E+3","1.21E+3","3.03E+2","3.03E+2","3.03E+2","3.03E+2","8.90E+1","4.03E+1","9.58E+6","9.50E+6","9.44E+6","9.44E+6","9.44E+6","9.44E+6","9.58E+6","9.58E+6","9.58E+6","9.58E+6","4.48E+6","3.00E+6","3.00E+6","3.00E+6","3.00E+6","3.00E+6","5.61E+6","3.85E+7","1.25E+7","4.41E+7","5.01E+7","9.41E+6","1.00E+7"
"1.77E+2","4.97E+2","5.05E+2","5.05E+2","5.05E+2","5.05E+2","5.05E+2","4.96E+2","4.96E+2","4.96E+2","4.96E+2","3.73E+2","5.03E+2","1.21E+3","1.21E+3","3.03E+2","3.03E+2","3.03E+2","3.03E+2","8.90E+1","4.21E+1","9.56E+6","9.48E+6","9.42E+6","9.42E+6","9.42E+6","9.42E+6","9.56E+6","9.56E+6","9.56E+6","9.56E+6","4.48E+6","3.00E+6","3.00E+6","3.00E+6","3.00E+6","3.00E+6","5.61E+6","3.85E+7","1.25E+7","4.41E+7","5.01E+7","9.39E+6","1.00E+7"
"1.78E+2","4.97E+2","5.05E+2","5.05E+2","5.05E+2","5.05E+2","5.05E+2","4.96E+2","4.96E+2","4.96E+2","4.96E+2","3.73E+2","5.03E+2","1.21E+3","1.21E+3","3.03E+2","3.03E+2","3.03E+2","3.03E+2","8.90E+1","4.34E+1","9.54E+6","9.46E+6","9.40E+6","9.40E+6","9.40E+6","9.40E+6","9.54E+6","9.54E+6","9.54E+6","9.54E+6","4.48E+6","3.00E+6","3.00E+6","3.00E+6","3.00E+6","3.00E+6","5.61E+6","3.85E+7","1.25E+7","4.41E+7","5.01E+7","9.37E+6","1.00E+7"
"1.79E+2","4.97E+2","5.05E+2","5.05E+2","5.05E+2","5.05E+2","5.05E+2","4.96E+2","4.96E+2","4.96E+2","4.96E+2","3.73E+2","5.03E+2","1.21E+3","1.21E+3","3.03E+2","3.03E+2","3.03E+2","3.03E+2","8.90E+1","4.46E+1","9.52E+6","9.44E+6","9.38E+6","9.38E+6","9.38E+6","9.38E+6","9.52E+6","9.52E+6","9.52E+6","9.52E+6","4.48E+6","3.00E+6","3.00E+6","3.00E+6","3.00E+6","3.00E+6","5.61E+6","3.85E+7","1.25E+7","4.41E+7","5.00E+7","9.35E+6","1.00E+7"
"1.80E+2","4.97E+2","5.05E+2","5.05E+2","5.05E+2","5.05E+2","5.05E+2","4.96E+2","4.96E+2","4.96E+2","4.96E+2","3.73E+2","5.03E+2","1.21E+3","1.21E+3","3.03E+2","3.03E+2","3.03E+2","3.03E+2","8.90E+1","4.59E+1","9.50E+6","9.42E+6","9.36E+6","9.36E+6","9.36E+6","9.36E+6","9.50E+6","9.50E+6","9.50E+6","9.50E+6","4.48E+6","3.00E+6","3.00E+6","3.00E+6","3.00E+6","3.00E+6","5.61E+6","3.85E+7","1.25E+7","4.41E+7","5.00E+7","9.33E+6","1.00E+7"
"1.81E+2","4.96E+2","5.04E+2","5.05E+2","5.05E+2","5.05E+2","5.05E+2","4.96E+2","4.96E+2","4.96E+2","4.96E+2","3.73E+2","5.03E+2","1.21E+3","1.21E+3","3.03E+2","3.03E+2","3.03E+2","3.03E+2","8.90E+1","4.68E+1","9.48E+6","9.40E+6","9.34E+6","9.34E+6","9.34E+6","9.34E+6","9.48E+6","9.48E+6","9.48E+6","9.48E+6","4.48E+6","3.00E+6","3.00E+6","3.00E+6","3.00E+6","3.00E+6","5.61E+6","3.85E+7","1.25E+7","4.41E+7","5.00E+7","9.31E+6","1.00E+7"
"1.82E+2","4.96E+2","5.04E+2","5.05E+2","5.05E+2","5.05E+2","5.05E+2","4.96E+2","4.96E+2","4.96E+2","4.96E+2","3.73E+2","5.03E+2","1.21E+3","1.21E+3","3.03E+2","3.03E+2","3.03E+2","3.03E+2","8.90E+1","5.02E+1","9.46E+6","9.38E+6","9.32E+6","9.32E+6","9.32E+6","9.32E+6","9.46E+6","9.46E+6","9.46E+6","9.46E+6","4.48E+6","3.00E+6","3.00E+6","3.00E+6","3.00E+6","3.00E+6","5.61E+6","3.85E+7","1.25E+7","4.41E+7","5.00E+7","9.28E+6","1.00E+7"
"1.83E+2","4.96E+2","5.04E+2","5.05E+2","5.05E+2","5.05E+2","5.05E+2","4.96E+2","4.96E+2","4.96E+2","4.96E+2","3.73E+2","5.03E+2","1.21E+3","1.21E+3","3.03E+2","3.03E+2","3.03E+2","3.03E+2","8.90E+1","5.28E+1","9.44E+6","9.36E+6","9.30E+6","9.30E+6","9.30E+6","9.30E+6","9.44E+6","9.44E+6","9.44E+6","9.44E+6","4.48E+6","3.00E+6","3.00E+6","3.00E+6","3.00E+6","3.00E+6","5.61E+6","3.85E+7","1.25E+7","4.41E+7","4.99E+7","9.26E+6","1.00E+7"
"1.84E+2","4.96E+2","5.04E+2","5.05E+2","5.05E+2","5.05E+2","5.05E+2","4.96E+2","4.96E+2","4.96E+2","4.96E+2","3.73E+2","5.03E+2","1.21E+3","1.21E+3","3.03E+2","3.03E+2","3.03E+2","3.03E+2","8.90E+1","5.48E+1","9.42E+6","9.34E+6","9.28E+6","9.28E+6","9.28E+6","9.28E+6","9.42E+6","9.42E+6","9.42E+6","9.42E+6","4.48E+6","3.00E+6","3.00E+6","3.00E+6","3.00E+6","3.00E+6","5.61E+6","3.85E+7","1.25E+7","4.41E+7","4.99E+7","9.24E+6","1.00E+7"
"1.85E+2","4.96E+2","5.04E+2","5.05E+2","5.05E+2","5.05E+2","5.05E+2","4.96E+2","4.96E+2","4.96E+2","4.96E+2","3.73E+2","5.03E+2","1.21E+3","1.21E+3","3.03E+2","3.03E+2","3.03E+2","3.03E+2","8.90E+1","5.66E+1","9.40E+6","9.32E+6","9.26E+6","9.26E+6","9.26E+6","9.26E+6","9.40E+6","9.40E+6","9.40E+6","9.40E+6","4.48E+6","3.00E+6","3.00E+6","3.00E+6","3.00E+6","3.00E+6","5.61E+6","3.85E+7","1.25E+7","4.41E+7","4.99E+7","9.22E+6","1.00E+7"
"1.86E+2","4.96E+2","5.04E+2","5.05E+2","5.05E+2","5.05E+2","5.05E+2","4.96E+2","4.96E+2","4.96E+2","4.96E+2","3.73E+2","5.03E+2","1.21E+3","1.21E+3","3.03E+2","3.03E+2","3.03E+2","3.03E+2","8.90E+1","5.82E+1","9.38E+6","9.30E+6","9.24E+6","9.24E+6","9.24E+6","9.24E+6","9.38E+6","9.38E+6","9.38E+6","9.38E+6","4.48E+6","3.00E+6","3.00E+6","3.00E+6","3.00E+6","3.00E+6","5.61E+6","3.85E+7","1.25E+7","4.41E+7","4.98E+7","9.20E+6","1.00E+7"
"1.87E+2","4.96E+2","5.04E+2","5.04E+2","5.04E+2","5.04E+2","5.04E+2","4.96E+2","4.96E+2","4.96E+2","4.96E+2","3.73E+2","5.03E+2","1.21E+3","1.21E+3","3.03E+2","3.03E+2","3.03E+2","3.03E+2","8.90E+1","5.97E+1","9.36E+6","9.28E+6","9.22E+6","9.22E+6","9.22E+6","9.22E+6","9.36E+6","9.36E+6","9.36E+6","9.36E+6","4.48E+6","3.00E+6","3.00E+6","3.00E+6","3.00E+6","3.00E+6","5.61E+6","3.85E+7","1.25E+7","4.41E+7","4.98E+7","9.18E+6","1.00E+7"
"1.88E+2","4.96E+2","5.04E+2","5.04E+2","5.04E+2","5.04E+2","5.04E+2","4.96E+2","4.96E+2","4.96E+2","4.96E+2","3.73E+2","5.02E+2","1.21E+3","1.21E+3","3.03E+2","3.03E+2","3.03E+2","3.03E+2","8.90E+1","6.11E+1","9.34E+6","9.26E+6","9.20E+6","9.20E+6","9.20E+6","9.20E+6","9.34E+6","9.34E+6","9.34E+6","9.34E+6","4.48E+6","3.00E+6","3.00E+6","3.00E+6","3.00E+6","3.00E+6","5.61E+6","3.85E+7","1.24E+7","4.41E+7","4.98E+7","9.17E+6","1.00E+7"
"1.89E+2","4.96E+2","5.04E+2","5.04E+2","5.04E+2","5.04E+2","5.04E+2","4.95E+2","4.95E+2","4.95E+2","4.95E+2","3.73E+2","5.02E+2","1.21E+3","1.21E+3","3.03E+2","3.03E+2","3.03E+2","3.03E+2","8.90E+1","6.24E+1","9.32E+6","9.24E+6","9.18E+6","9.18E+6","9.18E+6","9.18E+6","9.32E+6","9.32E+6","9.32E+6","9.32E+6","4.48E+6","3.00E+6","3.00E+6","3.00E+6","3.00E+6","3.00E+6","5.61E+6","3.85E+7","1.24E+7","4.41E+7","4.98E+7","9.15E+6","1.00E+7"
"1.90E+2","4.96E+2","5.04E+2","5.04E+2","5.04E+2","5.04E+2","5.04E+2","4.95E+2","4.95E+2","4.95E+2","4.95E+2","3.73E+2","5.02E+2","1.21E+3","1.21E+3","3.03E+2","3.03E+2","3.03E+2","3.03E+2","8.90E+1","6.36E+1","9.30E+6","9.22E+6","9.16E+6","9.16E+6","9.16E+6","9.16E+6","9.30E+6","9.30E+6","9.30E+6","9.30E+6","4.49E+6","3.00E+6","3.00E+6","3.00E+6","3.00E+6","3.00E+6","5.61E+6","3.85E+7","1.24E+7","4.41E+7","4.97E+7","9.13E+6","1.00E+7"
"1.91E+2","4.96E+2","5.04E+2","5.04E+2","5.04E+2","5.04E+2","5.04E+2","4.95E+2","4.95E+2","4.95E+2","4.95E+2","3.73E+2","5.02E+2","1.21E+3","1.21E+3","3.03E+2","3.03E+2","3.03E+2","3.03E+2","8.90E+1","6.47E+1","9.28E+6","9.20E+6","9.14E+6","9.14E+6","9.14E+6","9.14E+6","9.28E+6","9.28E+6","9.28E+6","9.28E+6","4.49E+6","3.00E+6","3.00E+6","3.00E+6","3.00E+6","3.00E+6","5.61E+6","3.85E+7","1.24E+7","4.41E+7","4.97E+7","9.11E+6","1.00E+7"
"1.92E+2","4.96E+2","5.04E+2","5.04E+2","5.04E+2","5.04E+2","5.04E+2","4.95E+2","4.95E+2","4.95E+2","4.95E+2","3.73E+2","5.02E+2","1.21E+3","1.21E+3","3.03E+2","3.03E+2","3.03E+2","3.03E+2","8.90E+1","6.58E+1","9.26E+6","9.18E+6","9.12E+6","9.12E+6","9.12E+6","9.12E+6","9.26E+6","9.26E+6","9.26E+6","9.26E+6","4.49E+6","3.00E+6","3.00E+6","3.00E+6","3.00E+6","3.00E+6","5.61E+6","3.85E+7","1.24E+7","4.41E+7","4.97E+7","9.09E+6","1.00E+7"
"1.93E+2","4.96E+2","5.04E+2","5.04E+2","5.04E+2","5.04E+2","5.04E+2","4.95E+2","4.95E+2","4.95E+2","4.95E+2","3.73E+2","5.02E+2","1.21E+3","1.21E+3","3.03E+2","3.03E+2","3.03E+2","3.03E+2","8.90E+1","6.69E+1","9.24E+6","9.16E+6","9.10E+6","9.10E+6","9.10E+6","9.10E+6","9.24E+6","9.24E+6","9.24E+6","9.24E+6","4.49E+6","3.00E+6","3.00E+6","3.00E+6","3.00E+6","3.00E+6","5.61E+6","3.85E+7","1.24E+7","4.41E+7","4.96E+7","9.07E+6","1.00E+7"
"1.94E+2","4.96E+2","5.04E+2","5.04E+2","5.04E+2","5.04E+2","5.04E+2","4.95E+2","4.95E+2","4.95E+2","4.95E+2","3.73E+2","5.02E+2","1.21E+3","1.21E+3","3.03E+2","3.03E+2","3.03E+2","3.03E+2","8.90E+1","6.79E+1","9.23E+6","9.14E+6","9.08E+6","9.08E+6","9.08E+6","9.08E+6","9.22E+6","9.22E+6","9.22E+6","9.22E+6","4.49E+6","3.00E+6","3.00E+6","3.00E+6","3.00E+6","3.00E+6","5.61E+6","3.85E+7","1.24E+7","4.41E+7","4.96E+7","9.05E+6","1.00E+7"
"1.95E+2","4.95E+2","5.03E+2","5.04E+2","5.04E+2","5.04E+2","5.04E+2","4.95E+2","4.95E+2","4.95E+2","4.95E+2","3.73E+2","5.02E+2","1.21E+3","1.21E+3","3.03E+2","3.03E+2","3.03E+2","3.03E+2","8.90E+1","6.88E+1","9.21E+6","9.12E+6","9.06E+6","9.06E+6","9.06E+6","9.06E+6","9.20E+6","9.20E+6","9.20E+6","9.20E+6","4.49E+6","3.00E+6","3.00E+6","3.00E+6","3.00E+6","3.00E+6","5.61E+6","3.85E+7","1.24E+7","4.41E+7","4.96E+7","9.03E+6","1.00E+7"
"1.96E+2","4.95E+2","5.03E+2","5.04E+2","5.04E+2","5.04E+2","5.04E+2","4.95E+2","4.95E+2","4.95E+2","4.95E+2","3.73E+2","5.02E+2","1.21E+3","1.21E+3","3.03E+2","3.03E+2","3.03E+2","3.03E+2","8.90E+1","6.97E+1","9.19E+6","9.11E+6","9.05E+6","9.05E+6","9.05E+6","9.05E+6","9.19E+6","9.19E+6","9.19E+6","9.19E+6","4.49E+6","3.00E+6","3.00E+6","3.00E+6","3.00E+6","3.00E+6","5.61E+6","3.85E+7","1.24E+7","4.41E+7","4.96E+7","9.01E+6","1.00E+7"
"1.97E+2","4.95E+2","5.03E+2","5.04E+2","5.04E+2","5.04E+2","5.04E+2","4.95E+2","4.95E+2","4.95E+2","4.95E+2","3.73E+2","5.02E+2","1.21E+3","1.21E+3","3.03E+2","3.03E+2","3.03E+2","3.03E+2","8.90E+1","7.06E+1","9.17E+6","9.09E+6","9.03E+6","9.03E+6","9.03E+6","9.03E+6","9.17E+6","9.17E+6","9.17E+6","9.17E+6","4.49E+6","3.00E+6","3.00E+6","3.00E+6","3.00E+6","3.00E+6","5.61E+6","3.85E+7","1.24E+7","4.41E+7","4.95E+7","9.00E+6","1.00E+7"
"1.98E+2","4.95E+2","5.03E+2","5.04E+2","5.04E+2","5.04E+2","5.04E+2","4.95E+2","4.95E+2","4.95E+2","4.95E+2","3.73E+2","5.02E+2","1.21E+3","1.21E+3","3.03E+2","3.03E+2","3.03E+2","3.03E+2","8.90E+1","7.14E+1","9.15E+6","9.07E+6","9.01E+6","9.01E+6","9.01E+6","9.01E+6","9.15E+6","9.15E+6","9.15E+6","9.15E+6","4.49E+6","3.00E+6","3.00E+6","3.00E+6","3.00E+6","3.00E+6","5.61E+6","3.85E+7","1.24E+7","4.41E+7","4.95E+7","8.98E+6","1.00E+7"
"1.99E+2","4.95E+2","5.03E+2","5.04E+2","5.04E+2","5.04E+2","5.04E+2","4.95E+2","4.95E+2","4.95E+2","4.95E+2","3.73E+2","5.02E+2","1.21E+3","1.21E+3","3.03E+2","3.03E+2","3.03E+2","3.03E+2","8.90E+1","7.22E+1","9.13E+6","9.05E+6","8.99E+6","8.99E+6","8.99E+6","8.99E+6","9.13E+6","9.13E+6","9.13E+6","9.13E+6","4.49E+6","3.00E+6","3.00E+6","3.00E+6","3.00E+6","3.00E+6","5.61E+6","3.85E+7","1.24E+7","4.41E+7","4.95E+7","8.96E+6","1.00E+7"
"2.00E+2","4.95E+2","5.03E+2","5.04E+2","5.04E+2","5.04E+2","5.04E+2","4.95E+2","4.95E+2","4.95E+2","4.95E+2","3.73E+2","5.02E+2","1.21E+3","1.21E+3","3.03E+2","3.03E+2","3.03E+2","3.03E+2","8.90E+1","7.29E+1","9.12E+6","9.03E+6","8.97E+6","8.97E+6","8.97E+6","8.97E+6","9.11E+6","9.11E+6","9.11E+6","9.11E+6","4.49E+6","3.00E+6","3.00E+6","3.00E+6","3.00E+6","3.00E+6","5.61E+6","3.85E+7","1.24E+7","4.41E+7","4.94E+7","8.94E+6","1.00E+7"
